Vessel Name,Day of Arrival,Time of Arrival,Voyage Origin Port,Origin Port Country,Voyage Time Underway,Voyage Distance Travelled,Leg Time Underway,Leg Distance Travelled,Load Condition,Voyage Origin Port Atd,Vessel Type - Generic,Vessel Type - Detailed,Commercial Market,Commercial Size Class,Capacity - Dwt,Capacity - Teu,$ Value,Revenue per Ship
A HOUOU,7/9/2022,5:09,HO CHI MINH,VN,3d 19h 21m,1133,3d 19h 21m,1133,Laden,7/5/2022 9:48,Cargo,Container Ship,CONTAINER SHIPS,FEEDER,16742,1028,$500,"$514,000"
A HOUOU,7/9/2022,22:39,HO CHI MINH,VN,4d 12h 51m,25,3m,1,Laden,7/5/2022 9:48,Cargo,Container Ship,CONTAINER SHIPS,FEEDER,16742,1028,$500,"$514,000"
COSCO PRINCE RUPERT,7/9/2022,23:01,SHANGHAI,CN,2d 9h 8m,580,2m,0,Partially Laden,7/7/2022 13:53,Cargo,Container Ship,CONTAINER SHIPS,POST PANAMAX,102742,8411,$500,"$4,205,500"
COSCO VENICE,7/9/2022,15:32,NINGBO,CN,1d 5h 48m,481,1d 5h 48m,481,Laden,7/8/2022 9:44,Cargo,Container Ship,CONTAINER SHIPS,PANAMAX,49973,3977,$500,"$1,988,500"
DAIDO AMBITION,7/9/2022,1:00,GERALDTON,AU,10d 14h 38m,3310,10d 14h 38m,3310,Laden,6/28/2022 10:22,Cargo,Bulk Carrier,DRY BULK,HANDYSIZE,37982,2720,$500,"$1,360,000"
DONG FANG XING,7/9/2022,17:48,TAICHUNG,TW,13h 5m,138,13h 5m,138,In Ballast,7/9/2022 4:43,Cargo,Container Ship,CONTAINER SHIPS,SMALL FEEDER,6832,362,$500,"$181,000"
EVER FAIR,7/9/2022,0:08,COLON,PA,20d 8h 31m,9228,19d 1h 34m,9181,Partially Laden,6/18/2022 15:37,Cargo,Container Ship,CONTAINER SHIPS,NEW PANAMAX,135000,13805,$500,"$6,902,500"
GLORY TIANJIN,7/9/2022,3:05,TAICANG,CN,1d 17h 30m,613,1d 17h 30m,613,In Ballast,7/7/2022 9:35,Cargo,Container Ship,CONTAINER SHIPS,FEEDER,12402,900,$500,"$450,000"
HUA HANG 6,7/9/2022,22:52,KAOHSIUNG,TW,12h 47m,165,12h 47m,165,Laden,7/9/2022 10:05,Cargo,Container Ship,CONTAINER SHIPS,SMALL FEEDER,8243,684,$500,"$342,000"
LI DA TONG 2 HAO,7/9/2022,16:36,XIAMEN,CN,15m,3,15m,3,Partially Laden,7/9/2022 16:21,Cargo,General Cargo,DRY BREAKBULK,HANDYSIZE,4142,289,$500,"$144,500"
LI DA TONG 2 HAO,7/9/2022,11:18,FUZHOU,CN,1d 8h 56m,173,2m,0,Partially Laden,7/8/2022 2:22,Cargo,General Cargo,DRY BREAKBULK,HANDYSIZE,4142,289,$500,"$144,500"
MOUNT ULURU,7/9/2022,0:57,KEMEN,CN,1d 16h 34m,248,1d 16h 34m,248,Partially Laden,7/7/2022 8:23,Cargo,Bulk Carrier,DRY BULK,CAPESIZE,181513,19000,$500,"$9,500,000"
MSC VANDYA,7/9/2022,23:19,YANTIAN,CN,18h 12m,305,2m,0,Partially Laden,7/9/2022 5:07,Cargo,Container Ship,CONTAINER SHIPS,NEW PANAMAX,154185,13805,$500,"$6,902,500"
NORTHERN DEFENDER,7/9/2022,23:04,YOKKAICHI,JP,4d 11h 2m,1232,4d 11h 2m,1232,In Ballast,7/5/2022 12:02,Cargo,Container Ship,CONTAINER SHIPS,PANAMAX,42121,3433,$500,"$1,716,500"
ORTOLAN EPSILON,7/9/2022,10:33,QINZHOU,CN,2d 5h 6m,709,2d 5h 6m,709,Partially Laden,7/7/2022 5:27,Cargo,Container Ship,CONTAINER SHIPS,SMALL FEEDER,11814,900,$500,"$450,000"
SITC SHEKOU,7/9/2022,1:08,NINGBO,CN,1d 9h 47m,482,1d 9h 47m,482,Laden,7/7/2022 15:21,Cargo,Container Ship,CONTAINER SHIPS,FEEDERMAX,35336,2720,$500,"$1,360,000"
SWAN LAKE,7/9/2022,6:19,JIANGYIN,CN,1d 5h 35m,116,3m,0,Partially Laden,7/8/2022 0:44,Cargo,Container Ship,CONTAINER SHIPS,SMALL FEEDER,7262,561,$500,"$280,500"
TS OSAKA,7/9/2022,3:47,CHIWAN,CN,21h 18m,319,20h 48m,316,Partially Laden,7/8/2022 6:29,Cargo,Container Ship,CONTAINER SHIPS,FEEDER,21475,2388,$500,"$1,194,000"
UNI ARDENT,7/9/2022,13:07,TAICHUNG,TW,20h 46m,138,20h 46m,138,In Ballast,7/8/2022 16:21,Cargo,Container Ship,CONTAINER SHIPS,FEEDER,15511,1028,$500,"$514,000"
VICTORY VOYAGER,7/9/2022,9:56,SHEKOU,CN,1d 6h 18m,319,1d 6h 18m,319,Laden,7/8/2022 3:38,Cargo,Container Ship,CONTAINER SHIPS,FEEDER,15231,1028,$500,"$514,000"
XIN QIN ZHOU,7/9/2022,2:36,SHANGHAI,CN,2d 5h 5m,596,2d 5h 5m,596,Partially Laden,7/6/2022 21:31,Cargo,Container Ship,CONTAINER SHIPS,PANAMAX,66904,5224,$500,"$2,612,000"
XIN QUN DAO,7/9/2022,15:40,QUANZHOU,CN,15h 34m,59,15h 34m,59,Laden,7/9/2022 0:06,Cargo,Container Ship,CONTAINER SHIPS,SMALL FEEDER,10800,900,$500,"$450,000"
XIN YUAN 19,7/9/2022,13:22,JIANGYIN,CN,17h 39m,115,4m,1,Laden,7/8/2022 19:43,Cargo,General Cargo,DRY BREAKBULK,HANDYSIZE,2910,289,$500,"$144,500"
XING SHUN HAI,7/9/2022,0:12,XIAMEN,CN,11h 56m,46,11h 56m,46,Laden,7/8/2022 12:16,Cargo,Bulk Carrier,DRY BULK,POST PANAMAX,81824,6674,$500,"$3,337,000"
ZHONG GU NAN HAI,7/9/2022,2:25,NANSHA,CN,1d 1h 14m,356,1d 1h 14m,356,In Ballast,7/8/2022 1:11,Cargo,Container Ship,CONTAINER SHIPS,FEEDER,24123,2388,$500,"$1,194,000"
ADDISON,7/8/2022,3:13,LAEM CHABANG,TH,5d 3h 59m,1687,5d 3h 59m,1687,Laden,7/2/2022 23:14,Cargo,Container Ship,CONTAINER SHIPS,FEEDERMAX,39345,2720,$500,"$1,360,000"
CAP JACKSON,7/8/2022,7:50,LOS ANGELES,US,16d 21h 1m,6215,16d 21h 1m,6215,N/A,6/21/2022 10:49,Cargo,Container Ship,CONTAINER SHIPS,PANAMAX,59336,4806,$500,"$2,403,000"
EVER OUTDO,7/8/2022,1:17,NINGBO,CN,1d 8h 48m,522,1d 8h 48m,522,Partially Laden,7/6/2022 16:29,Cargo,Container Ship,CONTAINER SHIPS,FEEDERMAX,33512,2720,$500,"$1,360,000"
HAI FENG HAI KOU,7/8/2022,23:04,MOJI,JP,2d 15h 58m,905,2d 15h 58m,905,Partially Laden,7/6/2022 7:06,Cargo,Container Ship,CONTAINER SHIPS,SMALL FEEDER,12628,900,$500,"$450,000"
INTERASIA VISION,7/8/2022,10:31,SHEKOU,CN,19h 55m,319,19h 55m,319,Partially Laden,7/7/2022 14:36,Cargo,Container Ship,CONTAINER SHIPS,FEEDER,23465,2388,$500,"$1,194,000"
MOL PREMIUM,7/8/2022,22:48,KAOHSIUNG,TW,1d 12h 47m,243,1d 12h 47m,243,Partially Laden,7/7/2022 10:01,Cargo,Container Ship,CONTAINER SHIPS,POST PANAMAX,72912,6245,$500,"$3,122,500"
MSC NERISSA,7/8/2022,9:34,CHARLESTON,US,24d 14h 44m,10783,20d 10h 45m,9205,In Ballast,6/13/2022 18:50,Cargo,Container Ship,CONTAINER SHIPS,PANAMAX,68178,5224,$500,"$2,612,000"
OOCL UNITED KINGDOM,7/8/2022,15:08,NINGBO,CN,1d 4h 34m,483,1d 4h 34m,483,Laden,7/7/2022 10:34,Cargo,Container Ship,CONTAINER SHIPS,ULCV,197042,22221,$500,"$11,110,500"
PHUC THAI,7/8/2022,7:27,MANILA SOUTH HARBOR,PH,2d 1h 29m,635,2d 1h 29m,635,In Ballast,7/6/2022 5:58,Cargo,Container Ship,CONTAINER SHIPS,SMALL FEEDER,8272,684,$500,"$342,000"
SITC FUJIAN,7/8/2022,4:40,QINZHOU,CN,2d 4h 34m,681,2d 4h 34m,681,Laden,7/6/2022 0:06,Cargo,Container Ship,CONTAINER SHIPS,FEEDER,21196,2388,$500,"$1,194,000"
SITC TOKYO,7/8/2022,5:44,WEITOU,CN,2h 54m,39,2h 54m,39,Partially Laden,7/8/2022 2:50,Cargo,Container Ship,CONTAINER SHIPS,SMALL FEEDER,12694,900,$500,"$450,000"
ZHONG GU TAI SHAN,7/8/2022,7:02,RIZHAO,CN,3d 11h 14m,870,5m,0,Laden,7/4/2022 19:48,Cargo,Container Ship,CONTAINER SHIPS,FEEDER,23596,2388,$500,"$1,194,000"
CAPE ORIENT,7/7/2022,2:23,SHEKOU,CN,1d 54m,332,1d 54m,332,Laden,7/6/2022 1:29,Cargo,Container Ship,CONTAINER SHIPS,FEEDERMAX,25351,2720,$500,"$1,360,000"
GOLDEN ATLANTIC,7/7/2022,5:51,KRISHNAPATNAM,IN,17d 5h 5m,3367,10d 13h 36m,1714,Laden,6/20/2022 0:46,Cargo,Bulk Carrier,DRY BULK,HANDYSIZE,28378,2720,$500,"$1,360,000"
HE HUI 18,7/7/2022,1:53,MAILIAO,TW,13h 32m,126,13h 32m,126,Laden,7/6/2022 12:21,Cargo,General Cargo,DRY BREAKBULK,HANDYSIZE,8033,684,$500,"$342,000"
HUA KAI,7/7/2022,13:40,JIANGYIN,CN,12h 57m,121,12h 57m,121,Laden,7/7/2022 0:43,Cargo,Container Ship,CONTAINER SHIPS,SMALL FEEDER,6820,362,$500,"$181,000"
INDURO,7/7/2022,15:26,NINGBO,CN,1d 10h 20m,489,1d 10h 20m,489,Laden,7/6/2022 5:06,Cargo,Container Ship,CONTAINER SHIPS,FEEDER,23417,2388,$500,"$1,194,000"
KAPITAN AFANASYEV,7/7/2022,0:45,YANTIAN,CN,2d 8h,291,2d 8h,291,Partially Laden,7/4/2022 16:45,Cargo,Container Ship,CONTAINER SHIPS,FEEDER,23380,2388,$500,"$1,194,000"
MAERSK BOSTON,7/7/2022,0:36,QINGDAO,CN,3d 13h 51m,1175,3d 13h 51m,1175,Laden,7/3/2022 10:45,Cargo,Container Ship,CONTAINER SHIPS,PANAMAX,53634,4348,$500,"$2,174,000"
OOCL CANADA,7/7/2022,0:24,KAOHSIUNG,TW,16h 26m,177,16h 26m,177,In Ballast,7/6/2022 7:58,Cargo,Container Ship,CONTAINER SHIPS,POST PANAMAX,101411,8411,$500,"$4,205,500"
OOCL SINGAPORE,7/7/2022,15:33,YANTIAN,CN,2d 5h 9m,308,2d 5h 9m,308,Partially Laden,7/5/2022 10:24,Cargo,Container Ship,CONTAINER SHIPS,NEW PANAMAX,143800,13805,$500,"$6,902,500"
REN JIAN 25,7/7/2022,0:37,SHANGHAI,CN,1d 17h 25m,594,1d 17h 25m,594,Partially Laden,7/5/2022 7:12,Cargo,Container Ship,CONTAINER SHIPS,PANAMAX,54384,4348,$500,"$2,174,000"
SIRI BHUM,7/7/2022,5:37,SHANGHAI,CN,3d 50m,618,3d 50m,618,Partially Laden,7/4/2022 4:47,Cargo,Container Ship,CONTAINER SHIPS,SMALL FEEDER,13017,1028,$500,"$514,000"
SITC YOKKAICHI,7/7/2022,10:02,SHENZHEN,CN,21h 46m,318,21h 46m,318,Laden,7/6/2022 12:16,Cargo,Container Ship,CONTAINER SHIPS,FEEDER,11874,900,$500,"$450,000"
SITC YUNCHENG,7/7/2022,23:34,SHANGHAI,CN,1d 23h 21m,578,1d 23h 21m,578,Laden,7/6/2022 0:13,Cargo,Container Ship,CONTAINER SHIPS,,35360,2720,$500,"$1,360,000"
TAI GANG,7/7/2022,4:54,TAICHUNG,TW,16h 49m,140,16h 49m,140,In Ballast,7/6/2022 12:05,Cargo,General Cargo,DRY BREAKBULK,HANDYSIZE,4631,289,$500,"$144,500"
TAMPA TRIUMPH,7/7/2022,10:32,LIUHENG,CN,3d 6h 24m,542,3d 6h 24m,542,In Ballast,7/4/2022 4:08,Cargo,Container Ship,CONTAINER SHIPS,NEW PANAMAX,147500,13805,$500,"$6,902,500"
WAN HAI 173,7/7/2022,2:02,SHEKOU,CN,1d 13h 23m,322,2m,1,Partially Laden,7/5/2022 12:39,Cargo,Container Ship,CONTAINER SHIPS,FEEDER,22171,2388,$500,"$1,194,000"
YM MANDATE,7/7/2022,14:23,NINGBO,CN,1d 21h 45m,490,1d 21h 45m,490,Partially Laden,7/5/2022 16:38,Cargo,Container Ship,CONTAINER SHIPS,POST PANAMAX,59900,4806,$500,"$2,403,000"
ZIM HOUSTON,7/7/2022,5:24,BUSAN NEW PORT,KR,2d 53m,898,2d 53m,898,In Ballast,7/5/2022 4:31,Cargo,Container Ship,CONTAINER SHIPS,POST PANAMAX,72982,6245,$500,"$3,122,500"
ASIATIC PRIDE,7/6/2022,15:27,NINGBO,CN,4d 10h 2m,486,4d 10h 2m,486,Partially Laden,7/2/2022 5:25,Cargo,Container Ship,CONTAINER SHIPS,FEEDER,12791,900,$500,"$450,000"
DERYOUNG SUNSHINE,7/6/2022,15:39,DONG GUAN,CN,2d 16h 7m,407,2d 16h 7m,407,In Ballast,7/3/2022 23:32,Cargo,General Cargo,DRY BREAKBULK,HANDYSIZE,8242,684,$500,"$342,000"
DONG FANG XING,7/6/2022,21:22,KAOHSIUNG,TW,14h 57m,172,14h 57m,172,In Ballast,7/6/2022 6:25,Cargo,Container Ship,CONTAINER SHIPS,SMALL FEEDER,6832,362,$500,"$181,000"
GODSPEED,7/6/2022,11:31,KAOHSIUNG,TW,14h 20m,173,14h 20m,173,Laden,7/5/2022 21:11,Cargo,General Cargo,DRY BREAKBULK,HANDYSIZE,7991,561,$500,"$280,500"
GREEN POLE,7/6/2022,12:10,NINGBO,CN,3d 12h 10m,505,3d 12h 10m,505,Laden,7/3/2022 0:00,Cargo,Container Ship,CONTAINER SHIPS,FEEDER,21488,2388,$500,"$1,194,000"
HE HUI 19,7/6/2022,0:23,QUANZHOU,CN,1d 15h 50m,97,4m,0,In Ballast,7/4/2022 8:33,Cargo,General Cargo,DRY BREAKBULK,HANDYSIZE,8053,684,$500,"$342,000"
HMM GARAM,7/6/2022,9:48,HONG KONG,HK,2d 13h 22m,312,2d 13h 22m,312,In Ballast,7/3/2022 20:26,Cargo,Container Ship,CONTAINER SHIPS,ULCV,160357,19000,$500,"$9,500,000"
HUA HANG 6,7/6/2022,2:08,TAICHUNG,TW,14h 47m,141,14h 47m,141,Partially Laden,7/5/2022 11:21,Cargo,Container Ship,CONTAINER SHIPS,SMALL FEEDER,8243,684,$500,"$342,000"
LI DA TONG 2 HAO,7/6/2022,5:33,XIAMEN,CN,23m,3,23m,3,Partially Laden,7/6/2022 5:10,Cargo,General Cargo,DRY BREAKBULK,HANDYSIZE,4142,289,$500,"$144,500"
LI DA TONG 2 HAO,7/6/2022,0:08,FUZHOU,CN,23h 26m,169,23h 26m,169,Partially Laden,7/5/2022 0:42,Cargo,General Cargo,DRY BREAKBULK,HANDYSIZE,4142,289,$500,"$144,500"
NINGBO INNOVATION,7/6/2022,21:37,BONTANG ANCH,ID,6d 13h 42m,1552,6d 13h 42m,1552,Laden,6/30/2022 7:55,Cargo,Bulk Carrier,DRY BULK,PANAMAX,75413,6245,$500,"$3,122,500"
OOCL ITALY,7/6/2022,4:42,KAOHSIUNG,TW,1d 17h 42m,261,1d 17h 42m,261,Partially Laden,7/4/2022 11:00,Cargo,Container Ship,CONTAINER SHIPS,PANAMAX,66940,5224,$500,"$2,612,000"
SAGA FORTUNE,7/6/2022,8:14,PORTOCEL,BR,38d 2h 42m,10519,7d 9h 36m,1654,Laden,5/29/2022 5:32,Cargo,General Cargo,DRY BREAKBULK,HANDYMAX,56023,4806,$500,"$2,403,000"
SPIRIT OF LISBON,7/6/2022,1:52,TAICHUNG,TW,22h 25m,157,22h 25m,157,Partially Laden,7/5/2022 3:27,Cargo,Container Ship,CONTAINER SHIPS,PANAMAX,50249,4348,$500,"$2,174,000"
XIN YUAN 19,7/6/2022,8:16,JIANGYIN,CN,20h 44m,112,8m,0,Partially Laden,7/5/2022 11:32,Cargo,General Cargo,DRY BREAKBULK,HANDYSIZE,2910,289,$500,"$144,500"
XIN YUAN 19,7/6/2022,19:12,XIAMEN,CN,10m,2,10m,2,Partially Laden,7/6/2022 19:02,Cargo,General Cargo,DRY BREAKBULK,HANDYSIZE,2910,289,$500,"$144,500"
XIN YUAN 19,7/6/2022,17:28,XIAMEN,CN,7m,1,7m,1,Partially Laden,7/6/2022 17:21,Cargo,General Cargo,DRY BREAKBULK,HANDYSIZE,2910,289,$500,"$144,500"
XING SHUN HAI,7/6/2022,21:25,SANTOS,BR,39d 19h 28m,10664,6d 12h 51m,1637,Laden,5/28/2022 1:57,Cargo,Bulk Carrier,DRY BULK,POST PANAMAX,81824,6674,$500,"$3,337,000"
YM CONSTANCY,7/6/2022,1:28,SHENZHEN,CN,20h 59m,330,20h 31m,326,Partially Laden,7/5/2022 4:29,Cargo,Container Ship,CONTAINER SHIPS,FEEDERMAX,37435,2720,$500,"$1,360,000"
CHANA BHUM,7/5/2022,23:36,HONG KONG,HK,1d 4h 2m,320,1d 4h 2m,320,N/A,7/4/2022 19:34,Cargo,Container Ship,CONTAINER SHIPS,FEEDER,13825,1028,$500,"$514,000"
CMA CGM TIGRIS,7/5/2022,9:01,NINGBO,CN,1d 9h 30m,524,1d 9h 30m,524,Partially Laden,7/3/2022 23:31,Cargo,Container Ship,CONTAINER SHIPS,POST PANAMAX,113800,13805,$500,"$6,902,500"
EVER FAVOR,7/5/2022,6:18,BALBOA,PA,20d 3h 25m,9220,1m,0,Laden,6/15/2022 2:53,Cargo,Container Ship,CONTAINER SHIPS,NEW PANAMAX,135000,13805,$500,"$6,902,500"
GERDA MAERSK,7/5/2022,10:57,YANTIAN,CN,23h 8m,308,23h 8m,308,Laden,7/4/2022 11:49,Cargo,Container Ship,CONTAINER SHIPS,POST PANAMAX,127015,13805,$500,"$6,902,500"
HEUNG A BANGKOK,7/5/2022,9:27,HONG KONG,HK,19h 53m,315,19h 53m,315,N/A,7/4/2022 13:34,Cargo,Container Ship,CONTAINER SHIPS,FEEDER,21797,2388,$500,"$1,194,000"
INVICTA,7/5/2022,9:37,SHANGHAI,CN,1d 14h 22m,594,1d 14h 22m,594,Laden,7/3/2022 19:15,Cargo,Container Ship,CONTAINER SHIPS,FEEDER,23425,2388,$500,"$1,194,000"
KMTC INCHEON,7/5/2022,4:07,HONG KONG,HK,19h 1m,316,19h 1m,316,Laden,7/4/2022 9:06,Cargo,Container Ship,CONTAINER SHIPS,FEEDER,22387,2388,$500,"$1,194,000"
LOA GLORY,7/5/2022,6:55,SHANGHAI,CN,5d 2h 35m,611,1d 15h 58m,536,In Ballast,6/30/2022 4:20,Cargo,Container Ship,CONTAINER SHIPS,FEEDER,24336,2388,$500,"$1,194,000"
MAERSK DANUBE,7/5/2022,23:14,TANJUNG PELEPAS,MY,7d 3h 41m,1639,7d 3h 41m,1639,Laden,6/28/2022 19:33,Cargo,Container Ship,CONTAINER SHIPS,POST PANAMAX,65223,5224,$500,"$2,612,000"
MSC TOKYO,7/5/2022,23:33,SINGAPORE,SG,5d 6h 51m,1736,5d 6h 51m,1736,In Ballast,6/30/2022 16:42,Cargo,Container Ship,CONTAINER SHIPS,POST PANAMAX,100680,8411,$500,"$4,205,500"
OSLO TRADER,7/5/2022,22:32,SHANGHAI,CN,1d 21h 51m,592,1d 21h 51m,592,In Ballast,7/4/2022 0:41,Cargo,Container Ship,CONTAINER SHIPS,FEEDER,23428,2388,$500,"$1,194,000"
ROYAL FORWARD,7/5/2022,8:43,VANINO,RU,8d 17h 57m,1917,8d 17h 57m,1917,Laden,6/26/2022 14:46,Cargo,Bulk Carrier,DRY BULK,POST PANAMAX,88200,6674,$500,"$3,337,000"
SINOTRANS DALIAN,7/5/2022,5:52,TAICANG,CN,1d 20h 26m,640,1d 20h 26m,640,Laden,7/3/2022 9:26,Cargo,Container Ship,CONTAINER SHIPS,FEEDER,13481,1028,$500,"$514,000"
SITC PENANG,7/5/2022,8:21,WENZHOU,CN,20h 45m,312,20h 45m,312,Laden,7/4/2022 11:36,Cargo,Container Ship,CONTAINER SHIPS,FEEDERMAX,34905,2720,$500,"$1,360,000"
TA FENG,7/5/2022,0:17,XIAMEN,CN,19h 54m,47,19h 54m,47,In Ballast,7/4/2022 4:23,Cargo,General Cargo,DRY BREAKBULK,HANDYSIZE,1580,289,$500,"$144,500"
TAI GANG,7/5/2022,4:16,TAICHUNG,TW,16h 38m,136,16h 38m,136,In Ballast,7/4/2022 11:38,Cargo,General Cargo,DRY BREAKBULK,HANDYSIZE,4631,289,$500,"$144,500"
WAN HAI 103,7/5/2022,23:28,KAOHSIUNG,TW,12h 4m,172,12h 4m,172,Laden,7/5/2022 11:24,Cargo,Container Ship,CONTAINER SHIPS,FEEDER,11500,900,$500,"$450,000"
BF TIGER,7/4/2022,3:18,QINGDAO,CN,3d 13h 40m,895,3d 13h 40m,895,Laden,6/30/2022 13:38,Cargo,Container Ship,CONTAINER SHIPS,FEEDERMAX,39266,2720,$500,"$1,360,000"
COSCO DENMARK,7/4/2022,1:08,SINGAPORE,SG,12d 4h 59m,1601,12d 4h 59m,1601,Partially Laden,6/21/2022 20:09,Cargo,Container Ship,CONTAINER SHIPS,NEW PANAMAX,157000,13805,$500,"$6,902,500"
COSCO DURBAN,7/4/2022,11:28,NINGBO,CN,2d 6h 10m,478,2d 6h 10m,478,Laden,7/2/2022 5:18,Cargo,Container Ship,CONTAINER SHIPS,PANAMAX,50006,4348,$500,"$2,174,000"
GUTIAN LOYAL,7/4/2022,6:43,SHANGHAI,CN,8d 3h 5m,626,8d 3h 5m,626,Laden,6/26/2022 3:38,Cargo,Bulk Carrier,DRY BULK,HANDYMAX,52686,4348,$500,"$2,174,000"
HALCYON,7/4/2022,0:28,MANILA,PH,4d 12h 37m,697,4d 12h 37m,697,Partially Laden,6/29/2022 11:51,Cargo,Container Ship,CONTAINER SHIPS,FEEDER,12480,900,$500,"$450,000"
INCE EGE,7/4/2022,0:43,INCHEON,KR,4d 14h 28m,962,4d 14h 28m,962,In Ballast,6/29/2022 10:15,Cargo,Bulk Carrier,DRY BULK,HANDYMAX,57373,4806,$500,"$2,403,000"
JIN FU YUAN,7/4/2022,7:36,BAYUQUAN,CN,4d 7h 49m,1120,4d 7h 49m,1120,Laden,6/29/2022 23:47,Cargo,General Cargo,DRY BREAKBULK,HANDYMAX,44572,3433,$500,"$1,716,500"
MAERSK EMERALD,7/4/2022,12:03,NINGBO,CN,3d 3h 4m,586,3d 3h 4m,586,Laden,7/1/2022 8:59,Cargo,Container Ship,CONTAINER SHIPS,NEW PANAMAX,141189,13805,$500,"$6,902,500"
MAERSK LUZ,7/4/2022,3:57,HONG KONG,HK,2d 21h 11m,407,4m,0,Partially Laden,7/1/2022 6:46,Cargo,Container Ship,CONTAINER SHIPS,POST PANAMAX,106043,8411,$500,"$4,205,500"
MCP GRAZ,7/4/2022,23:20,MANILA SOUTH HARBOR,PH,2d 12h 33m,676,2d 12h 33m,676,In Ballast,7/2/2022 10:47,Cargo,General Cargo,DRY BREAKBULK,HANDYSIZE,7734,561,$500,"$280,500"
MELLUM,7/4/2022,11:52,NINGBO,CN,3d 43m,494,3d 43m,494,Laden,7/1/2022 11:09,Cargo,Container Ship,CONTAINER SHIPS,FEEDER,25985,2720,$500,"$1,360,000"
PACIFIC TRADER,7/4/2022,3:46,HAI PHONG,VN,3d 22h 52m,1153,3d 22h 52m,1153,Partially Laden,6/30/2022 4:54,Cargo,Container Ship,CONTAINER SHIPS,FEEDER,13750,1028,$500,"$514,000"
TA FENG,7/4/2022,0:26,XIAMEN,CN,1d 15h 23m,49,1d 15h 23m,49,Partially Laden,7/2/2022 9:03,Cargo,General Cargo,DRY BREAKBULK,HANDYSIZE,1580,289,$500,"$144,500"
UNI ARDENT,7/4/2022,13:32,KAOHSIUNG,TW,20h 10m,173,4m,1,In Ballast,7/3/2022 17:22,Cargo,Container Ship,CONTAINER SHIPS,FEEDER,15511,1028,$500,"$514,000"
WAN HAI 508,7/4/2022,6:01,KAOHSIUNG,TW,13h 37m,174,13h 37m,174,In Ballast,7/3/2022 16:24,Cargo,Container Ship,CONTAINER SHIPS,PANAMAX,52146,4348,$500,"$2,174,000"
YM UNIFORM,7/4/2022,23:47,KAOHSIUNG,TW,23h 58m,176,23h 58m,176,In Ballast,7/3/2022 23:49,Cargo,Container Ship,CONTAINER SHIPS,POST PANAMAX,103646,8411,$500,"$4,205,500"
COSCO SINGAPORE,7/3/2022,5:12,BRISBANE,AU,9d 13h 53m,3883,9d 13h 53m,3883,Partially Laden,6/23/2022 15:19,Cargo,Container Ship,CONTAINER SHIPS,POST PANAMAX,69196,5224,$500,"$2,612,000"
CSCL ATLANTIC OCEAN,7/3/2022,20:23,NINGBO,CN,1d 8h 47m,496,1d 8h 47m,496,Laden,7/2/2022 11:36,Cargo,Container Ship,CONTAINER SHIPS,ULCV,184320,19000,$500,"$9,500,000"
KOTA LEKAS,7/3/2022,4:43,KAOHSIUNG,TW,1d 10h 26m,200,1d 10h 26m,200,Partially Laden,7/1/2022 18:17,Cargo,Container Ship,CONTAINER SHIPS,PANAMAX,57712,4806,$500,"$2,403,000"
LI DA TONG 2 HAO,7/3/2022,2:38,XIAMEN,CN,20m,3,20m,3,Partially Laden,7/3/2022 2:18,Cargo,General Cargo,DRY BREAKBULK,HANDYSIZE,4142,289,$500,"$144,500"
LI DA TONG 2 HAO,7/3/2022,11:03,XIAMEN,CN,20m,5,20m,5,Partially Laden,7/3/2022 10:43,Cargo,General Cargo,DRY BREAKBULK,HANDYSIZE,4142,289,$500,"$144,500"
MTT SANDAKAN,7/3/2022,11:55,SHANGHAI,CN,2d 13h 45m,607,2d 13h 45m,607,Partially Laden,6/30/2022 22:10,Cargo,Container Ship,CONTAINER SHIPS,FEEDER,19150,2388,$500,"$1,194,000"
NORTHERN DECISION,7/3/2022,22:56,NAGOYA,JP,5d 21h 27m,1233,5d 21h 27m,1233,In Ballast,6/28/2022 1:29,Cargo,Container Ship,CONTAINER SHIPS,PANAMAX,42011,3433,$500,"$1,716,500"
SAGA MORUS,7/3/2022,4:33,SANTOS,BR,40d 11h 33m,10753,6d 11h 12m,1687,Laden,5/23/2022 17:00,Cargo,General Cargo,DRY BREAKBULK,HANDYMAX,56816,4806,$500,"$2,403,000"
SITC JIANGSU,7/3/2022,12:57,NINGBO,CN,1d 11h 34m,477,1d 11h 34m,477,Laden,7/2/2022 1:23,Cargo,Container Ship,CONTAINER SHIPS,FEEDER,21355,2388,$500,"$1,194,000"
SITC LIANYUNGANG,7/3/2022,22:39,SHANGHAI,CN,1d 20h 41m,576,1d 20h 41m,576,Laden,7/2/2022 1:58,Cargo,Container Ship,CONTAINER SHIPS,FEEDER,12715,900,$500,"$450,000"
SWAN LAKE,7/3/2022,20:31,TAICHUNG,TW,1d 22h 39m,9,3m,1,Partially Laden,7/1/2022 21:52,Cargo,Container Ship,CONTAINER SHIPS,SMALL FEEDER,7262,561,$500,"$280,500"
SWAN LAKE,7/3/2022,1:43,TAICHUNG,TW,1d 3h 51m,138,5m,1,Partially Laden,7/1/2022 21:52,Cargo,Container Ship,CONTAINER SHIPS,SMALL FEEDER,7262,561,$500,"$280,500"
XIN LONG YUN 58,7/3/2022,1:03,TIANJIN,CN,4d 20h 33m,1124,4d 20h 33m,1124,Laden,6/28/2022 4:30,Cargo,Container Ship,CONTAINER SHIPS,FEEDER,21366,2388,$500,"$1,194,000"
XIN XU ZHOU,7/3/2022,2:23,SHANGHAI,CN,2d 21h 46m,636,2d 21h 46m,636,Partially Laden,6/30/2022 4:37,Cargo,Container Ship,CONTAINER SHIPS,PANAMAX,66926,5224,$500,"$2,612,000"
XIN YIN HUAN,7/3/2022,2:11,XIAMEN,CN,39m,3,39m,3,In Ballast,7/3/2022 1:32,Cargo,Bulk Carrier,DRY BULK,HANDYMAX,53622,4348,$500,"$2,174,000"
YUAN SHUN,7/3/2022,1:43,TAIPEI,TW,20h 3m,194,20h 3m,194,In Ballast,7/2/2022 5:40,Cargo,Bulk Carrier,DRY BULK,HANDYSIZE,28492,2720,$500,"$1,360,000"
ALEXANDER BAY,7/2/2022,6:58,NINGBO,CN,1d 8h,546,1d 8h,546,In Ballast,6/30/2022 22:58,Cargo,Container Ship,CONTAINER SHIPS,PANAMAX,50760,4348,$500,"$2,174,000"
BOHAI STAR,7/2/2022,23:23,MANILA SOUTH HARBOR,PH,2d 14h 19m,706,2d 14h 19m,706,Partially Laden,6/30/2022 9:04,Cargo,Container Ship,CONTAINER SHIPS,SMALL FEEDER,9143,703,$500,"$351,500"
CAIYUNHE,7/2/2022,12:31,HONG KONG,HK,1d 20h 58m,299,1d 20h 58m,299,Laden,6/30/2022 15:33,Cargo,Container Ship,CONTAINER SHIPS,FEEDER,24259,2388,$500,"$1,194,000"
EXPRESS BLACK SEA,7/2/2022,14:25,JINTANG,CN,1d 10h 59m,494,1d 10h 59m,494,Partially Laden,7/1/2022 3:26,Cargo,Container Ship,CONTAINER SHIPS,PANAMAX,44012,3433,$500,"$1,716,500"
HUA HANG 6,7/2/2022,12:11,KAOHSIUNG,TW,18h 54m,172,3m,1,Laden,7/1/2022 17:17,Cargo,Container Ship,CONTAINER SHIPS,SMALL FEEDER,8243,684,$500,"$342,000"
LI DA TONG 2 HAO,7/2/2022,17:58,FUZHOU,CN,1d 3h 18m,174,1m,0,Partially Laden,7/1/2022 14:40,Cargo,General Cargo,DRY BREAKBULK,HANDYSIZE,4142,289,$500,"$144,500"
MAERSK EDIRNE,7/2/2022,12:49,XIAMEN,CN,13m,1,13m,1,Partially Laden,7/2/2022 12:36,Cargo,Container Ship,CONTAINER SHIPS,NEW PANAMAX,140973,13805,$500,"$6,902,500"
MAERSK VIRGINIA,7/2/2022,4:36,LOS ANGELES,US,20d 3h 57m,6367,20d 3h 57m,6367,Partially Laden,6/12/2022 0:39,Cargo,Container Ship,CONTAINER SHIPS,PANAMAX,61609,5224,$500,"$2,612,000"
MSC ARIANE,7/2/2022,3:37,YOKOHAMA,JP,4d 1h 18m,1315,4d 1h 18m,1315,Partially Laden,6/28/2022 2:19,Cargo,Container Ship,CONTAINER SHIPS,NEW PANAMAX,154503,13805,$500,"$6,902,500"
MSC ELENI,7/2/2022,13:27,SHANGHAI,CN,2d 4h 9m,563,2d 4h 9m,563,Laden,6/30/2022 9:18,Cargo,Container Ship,CONTAINER SHIPS,PANAMAX,68254,5224,$500,"$2,612,000"
PEGASUS YOTTA,7/2/2022,6:38,HAI PHONG,VN,3d 7m,769,3d 7m,769,Partially Laden,6/29/2022 6:31,Cargo,Container Ship,CONTAINER SHIPS,SMALL FEEDER,13007,1028,$500,"$514,000"
REN JIAN 26,7/2/2022,23:13,SHANGHAI,CN,2d 6h 54m,610,2d 6h 54m,610,In Ballast,6/30/2022 16:19,Cargo,Container Ship,CONTAINER SHIPS,PANAMAX,54370,4348,$500,"$2,174,000"
SETSU MARU,7/2/2022,9:13,ISHIGAKI,JP,1d 1h 45m,373,1d 1h 45m,373,N/A,7/1/2022 7:28,Cargo,General Cargo,DRY BREAKBULK,HANDYSIZE,2999,289,$500,"$144,500"
SITC GUANGXI,7/2/2022,0:19,HO CHI MINH,VN,3d 23h 5m,1132,1m,0,Laden,6/28/2022 1:14,Cargo,Container Ship,CONTAINER SHIPS,FEEDER,21355,2388,$500,"$1,194,000"
SITC QINZHOU,7/2/2022,14:01,NINGBO,CN,1d 23h 33m,465,3m,1,Laden,6/30/2022 14:28,Cargo,Container Ship,CONTAINER SHIPS,FEEDER,12814,900,$500,"$450,000"
SKY ORION,7/2/2022,11:39,HONG KONG,HK,1d 23h 2m,311,1m,0,Laden,6/30/2022 12:37,Cargo,Container Ship,CONTAINER SHIPS,FEEDER,21844,2388,$500,"$1,194,000"
SUNNY CALLA,7/2/2022,1:27,CHIWAN,CN,1d 14h 11m,320,3m,0,Laden,6/30/2022 11:16,Cargo,Container Ship,CONTAINER SHIPS,FEEDER,11775,900,$500,"$450,000"
TA FENG,7/2/2022,6:33,PINGTAN,CN,15h 28m,130,15h 28m,130,Partially Laden,7/1/2022 15:05,Cargo,General Cargo,DRY BREAKBULK,HANDYSIZE,1580,289,$500,"$144,500"
TAI GANG,7/2/2022,4:11,QUANZHOU,CN,10h 31m,58,3m,0,In Ballast,7/1/2022 17:40,Cargo,General Cargo,DRY BREAKBULK,HANDYSIZE,4631,289,$500,"$144,500"
XIN FEI ZHOU,7/2/2022,22:53,YOKOHAMA,JP,3d 15h 38m,1387,3d 15h 38m,1387,Partially Laden,6/29/2022 7:15,Cargo,Container Ship,CONTAINER SHIPS,POST PANAMAX,102379,8411,$500,"$4,205,500"
XIN YUAN 19,7/2/2022,9:30,XIAMEN,CN,25m,3,25m,3,Partially Laden,7/2/2022 9:05,Cargo,General Cargo,DRY BREAKBULK,HANDYSIZE,2910,289,$500,"$144,500"
XIN YUAN 19,7/2/2022,3:23,JIANGYIN,CN,18h 30m,114,4m,0,Partially Laden,7/1/2022 8:53,Cargo,General Cargo,DRY BREAKBULK,HANDYSIZE,2910,289,$500,"$144,500"
YM MOVEMENT,7/2/2022,7:14,NINGBO,CN,2d 1h 31m,564,2d 1h 31m,564,Laden,6/30/2022 5:43,Cargo,Container Ship,CONTAINER SHIPS,POST PANAMAX,72370,6245,$500,"$3,122,500"
BAO SHUN,7/10/2022,5:40,VISAKHAPATNAM,IN,12d 13h 50m,3243,12d 13h 50m,3243,Laden,6/27/2022 15:50,Cargo,Bulk Carrier,DRY BULK,HANDYSIZE,23693,2388,$500,"$1,194,000"
BEAR MOUNTAIN BRIDGE,7/10/2022,6:54,KAOHSIUNG,TW,12h 54m,173,12h 54m,173,Partially Laden,7/9/2022 18:00,Cargo,Container Ship,CONTAINER SHIPS,PANAMAX,52118,4348,$500,"$2,174,000"
CMA CGM HOPE,7/10/2022,15:00,YANTIAN,CN,20h 36m,316,20h 36m,316,Partially Laden,7/9/2022 18:24,Cargo,Container Ship,CONTAINER SHIPS,ULCV,160194,19000,$500,"$9,500,000"
DELLA,7/10/2022,23:43,PORT KLANG,MY,8d 19h 52m,1862,3m,0,Laden,7/2/2022 3:51,Cargo,Bulk Carrier,DRY BULK,HANDYSIZE,28210,2720,$500,"$1,360,000"
EVER FOREVER,7/10/2022,5:49,TAIPEI,TW,13h 26m,215,13h 26m,215,In Ballast,7/9/2022 16:23,Cargo,Container Ship,CONTAINER SHIPS,NEW PANAMAX,127076,13805,$500,"$6,902,500"
MAERSK EUPHRATES,7/10/2022,22:42,TANJUNG PELEPAS,MY,4d 1h 22m,1696,2m,0,Partially Laden,7/6/2022 21:20,Cargo,Container Ship,CONTAINER SHIPS,POST PANAMAX,65165,5224,$500,"$2,612,000"
MSC HAILEY ANN III,7/10/2022,10:11,QINZHOU,CN,2d 4h 5m,718,2d 4h 5m,718,In Ballast,7/8/2022 6:06,Cargo,Container Ship,CONTAINER SHIPS,FEEDERMAX,33673,2720,$500,"$1,360,000"
OOCL BEIJING,7/10/2022,7:36,KAOHSIUNG,TW,11h 31m,181,11h 31m,181,Partially Laden,7/9/2022 20:05,Cargo,Container Ship,CONTAINER SHIPS,POST PANAMAX,101588,8411,$500,"$4,205,500"
REN JIAN 10,7/10/2022,22:58,SHANGHAI,CN,2d 13h 9m,588,2d 13h 9m,588,In Ballast,7/8/2022 9:49,Cargo,Container Ship,CONTAINER SHIPS,PANAMAX,53627,4348,$500,"$2,174,000"
SEAMAX STRATFORD,7/10/2022,0:47,SHANGHAI,CN,2d 1h 39m,661,2d 1h 39m,661,Partially Laden,7/7/2022 23:08,Cargo,General Cargo,DRY BREAKBULK,POST PANAMAX,103652,8411,$500,"$4,205,500"
SINOTRANS TIANJIN,7/10/2022,19:53,QUANZHOU,CN,5h 31m,66,5h 31m,66,Partially Laden,7/10/2022 14:22,Cargo,Container Ship,CONTAINER SHIPS,FEEDER,12975,900,$500,"$450,000"
SITC MINGCHENG,7/10/2022,11:28,NINGBO,CN,1d 12h 2m,487,1d 12h 2m,487,Laden,7/8/2022 23:26,Cargo,Container Ship,CONTAINER SHIPS,,35394,2720,$500,"$1,360,000"
SITC PORT KLANG,7/10/2022,12:45,WENZHOU,CN,1d 1h 30m,327,1d 1h 30m,327,Laden,7/9/2022 11:15,Cargo,Container Ship,CONTAINER SHIPS,FEEDERMAX,34905,2720,$500,"$1,360,000"
SITC SHANGDE,7/10/2022,0:55,NINGBO,CN,1d 18h 22m,488,1d 18h 22m,488,Laden,7/8/2022 6:33,Cargo,Container Ship,CONTAINER SHIPS,,22000,2388,$500,"$1,194,000"
TAI GANG,7/10/2022,4:46,QUANZHOU,CN,8h 57m,58,3m,1,In Ballast,7/9/2022 19:49,Cargo,General Cargo,DRY BREAKBULK,HANDYSIZE,4631,289,$500,"$144,500"
WANG JIA,7/10/2022,3:43,VOSTOCHNYY,RU,7d 4h 28m,1396,6d 20h 12m,1388,Laden,7/2/2022 23:15,Cargo,Bulk Carrier,DRY BULK,HANDYMAX,45622,3433,$500,"$1,716,500"
XIN YUAN 19,7/10/2022,5:31,XIAMEN,CN,14m,2,14m,2,Laden,7/10/2022 5:17,Cargo,General Cargo,DRY BREAKBULK,HANDYSIZE,2910,289,$500,"$144,500"
XIN YUAN 19,7/10/2022,1:43,JIANGYIN,CN,1d 6h,6,3m,0,Laden,7/8/2022 19:43,Cargo,General Cargo,DRY BREAKBULK,HANDYSIZE,2910,289,$500,"$144,500"
A ASO,7/1/2022,12:16,ZHUHAI,CN,1d 4h 8m,368,1d 4h 8m,368,In Ballast,6/30/2022 8:08,Cargo,Container Ship,CONTAINER SHIPS,FEEDER,15204,1028,$500,"$514,000"
AN TONG ZHAN JIANG,7/1/2022,7:34,NANSHA,CN,1d 9h 19m,330,1d 9h 19m,330,Laden,6/29/2022 22:15,Cargo,Container Ship,CONTAINER SHIPS,FEEDER,28855,2720,$500,"$1,360,000"
BREMEN,7/1/2022,10:27,SINGAPORE,SG,3d 17h 15m,1633,3d 17h 15m,1633,Laden,6/27/2022 17:12,Cargo,Container Ship,CONTAINER SHIPS,POST PANAMAX,103773,8411,$500,"$4,205,500"
EMIRATES WASL,7/1/2022,17:20,DA CHAN BAY,CN,1d 15h 35m,347,1d 15h 35m,347,Partially Laden,6/30/2022 1:45,Cargo,Container Ship,CONTAINER SHIPS,POST PANAMAX,81002,6674,$500,"$3,337,000"
GLORY SHENGDONG,7/1/2022,14:11,TAICANG,CN,2d 53m,643,2d 53m,643,Partially Laden,6/29/2022 13:18,Cargo,Container Ship,CONTAINER SHIPS,FEEDER,12325,900,$500,"$450,000"
HE HUI 18,7/1/2022,14:19,KAOHSIUNG,TW,1d 2h 30m,168,1m,0,Laden,6/30/2022 11:49,Cargo,General Cargo,DRY BREAKBULK,HANDYSIZE,8033,684,$500,"$342,000"
JOSCO REAL,7/1/2022,6:38,LAEM CHABANG,TH,4d 16h 5m,1678,5m,1,Partially Laden,6/26/2022 14:33,Cargo,Container Ship,CONTAINER SHIPS,FEEDER,24560,2388,$500,"$1,194,000"
MSC GULSUN,7/1/2022,8:43,SHANGHAI,CN,1d 13h 42m,568,1d 13h 42m,568,Partially Laden,6/29/2022 19:01,Cargo,Container Ship,CONTAINER SHIPS,ULCV,228149,22221,$500,"$11,110,500"
NORTHERN VOLITION,7/1/2022,15:38,SHEKOU,CN,1d 4h 34m,343,1d 4h 34m,343,Laden,6/30/2022 11:04,Cargo,Container Ship,CONTAINER SHIPS,FEEDERMAX,37874,2720,$500,"$1,360,000"
OOCL LUXEMBOURG,7/1/2022,3:27,SHANGHAI,CN,2d 11h 38m,637,2d 11h 38m,637,Partially Laden,6/28/2022 15:49,Cargo,Container Ship,CONTAINER SHIPS,POST PANAMAX,105522,8411,$500,"$4,205,500"
PHUC THAI,7/1/2022,4:43,MANILA SOUTH HARBOR,PH,2d 2h 33m,650,2d 2h 33m,650,In Ballast,6/29/2022 2:10,Cargo,Container Ship,CONTAINER SHIPS,SMALL FEEDER,8272,684,$500,"$342,000"
RUN LONG,7/1/2022,14:24,NINGBO,CN,2d 4h 31m,517,2d 4h 31m,517,Partially Laden,6/29/2022 9:53,Cargo,Container Ship,CONTAINER SHIPS,SMALL FEEDER,9157,703,$500,"$351,500"
SINOTRANS TIANJIN,7/1/2022,17:33,GUANGAO,CN,1d 8h,142,1d 8h,142,In Ballast,6/30/2022 9:33,Cargo,Container Ship,CONTAINER SHIPS,FEEDER,12975,900,$500,"$450,000"
SITC SHANDONG,7/1/2022,22:15,QINZHOU,CN,2d 18h 53m,682,2d 18h 53m,682,Laden,6/29/2022 3:22,Cargo,Container Ship,CONTAINER SHIPS,FEEDER,21355,2388,$500,"$1,194,000"
STAR VIRGO,7/1/2022,23:27,KEMEN,CN,3d 20h 30m,260,3d 20h 30m,260,Partially Laden,6/28/2022 2:57,Cargo,Bulk Carrier,DRY BULK,VLBC/ULBC,207810,22221,$500,"$11,110,500"
TAIPEI TRIUMPH,7/1/2022,5:38,BALBOA,PA,19d 11h 26m,9164,19d 11h 26m,9164,Partially Laden,6/11/2022 18:12,Cargo,Container Ship,CONTAINER SHIPS,NEW PANAMAX,146792,13805,$500,"$6,902,500"
WAN HAI 266,7/1/2022,0:18,SHEKOU,CN,1d 3h 3m,329,1m,0,Partially Laden,6/29/2022 21:15,Cargo,Container Ship,CONTAINER SHIPS,FEEDER,23648,2388,$500,"$1,194,000"
ZHONG GU DONG HAI,7/1/2022,22:24,NANSHA,CN,1d 2m,336,1d 2m,336,In Ballast,6/30/2022 22:22,Cargo,Container Ship,CONTAINER SHIPS,FEEDER,24124,2388,$500,"$1,194,000"
BUXMELODY,6/30/2022,5:50,NINGBO,CN,2d 4h 56m,564,2d 4h 56m,564,Laden,6/28/2022 0:54,Cargo,Container Ship,CONTAINER SHIPS,FEEDERMAX,38092,2720,$500,"$1,360,000"
DARYA JAMUNA,6/30/2022,5:25,PORT KLANG,MY,6d 18h 7m,1791,6d 18h 7m,1791,Laden,6/23/2022 11:18,Cargo,Bulk Carrier,DRY BULK,HANDYSIZE,36845,2720,$500,"$1,360,000"
DONG FANG SHUN,6/30/2022,14:20,KAOHSIUNG,TW,14h 34m,176,14h 34m,176,In Ballast,6/29/2022 23:46,Cargo,Container Ship,CONTAINER SHIPS,SMALL FEEDER,8853,684,$500,"$342,000"
EVER FUTURE,6/30/2022,0:25,TAIPEI,TW,1d 2h 17m,206,1d 2h 17m,206,In Ballast,6/28/2022 22:08,Cargo,Container Ship,CONTAINER SHIPS,NEW PANAMAX,127076,13805,$500,"$6,902,500"
HUA KAI,6/30/2022,12:13,JIANGYIN,CN,12h 18m,121,12h 18m,121,Laden,6/29/2022 23:55,Cargo,Container Ship,CONTAINER SHIPS,SMALL FEEDER,6820,362,$500,"$181,000"
INCE FORTUNE,6/30/2022,6:18,KAOHSIUNG,TW,14h 15m,194,14h 15m,194,In Ballast,6/29/2022 16:03,Cargo,Bulk Carrier,DRY BULK,HANDYMAX,57293,4806,$500,"$2,403,000"
INTRA BHUM,6/30/2022,6:03,NINGBO,CN,1d 21h 56m,536,1d 21h 56m,536,Laden,6/28/2022 8:07,Cargo,Container Ship,CONTAINER SHIPS,SMALL FEEDER,13020,1028,$500,"$514,000"
JINYUNHE,6/30/2022,22:43,SHANGHAI,CN,2d 14h 39m,627,2d 14h 39m,627,Partially Laden,6/28/2022 8:04,Cargo,Container Ship,CONTAINER SHIPS,FEEDER,24244,2388,$500,"$1,194,000"
JOSCO SHINE,6/30/2022,11:13,TAICANG,CN,2d 6h 34m,637,2d 6h 34m,637,Laden,6/28/2022 4:39,Cargo,Container Ship,CONTAINER SHIPS,FEEDER,24559,2388,$500,"$1,194,000"
MAERSK DAVAO,6/30/2022,0:56,LAEM CHABANG,TH,5d 1h 22m,1648,5d 1h 22m,1648,Laden,6/24/2022 23:34,Cargo,Container Ship,CONTAINER SHIPS,FEEDERMAX,37511,2720,$500,"$1,360,000"
MSC ELISA,6/30/2022,13:25,YOKOHAMA,JP,3d 4h,1347,3m,0,Partially Laden,6/27/2022 9:25,Cargo,Container Ship,CONTAINER SHIPS,NEW PANAMAX,141334,13805,$500,"$6,902,500"
NEW JERSEY TRADER,6/30/2022,22:58,HAI PHONG,VN,2d 49m,768,2d 49m,768,In Ballast,6/28/2022 22:09,Cargo,Container Ship,CONTAINER SHIPS,FEEDERMAX,41636,3433,$500,"$1,716,500"
OPTIMA,6/30/2022,3:27,HONG KONG,HK,1d 4h 35m,326,1d 4h 35m,326,Laden,6/28/2022 22:52,Cargo,Container Ship,CONTAINER SHIPS,FEEDER,12490,900,$500,"$450,000"
ORA BHUM,6/30/2022,22:24,HONG KONG,HK,1d 12h 54m,326,1d 12h 54m,326,In Ballast,6/29/2022 9:30,Cargo,Container Ship,CONTAINER SHIPS,SMALL FEEDER,8006,684,$500,"$342,000"
RUN SHENG,6/30/2022,1:03,QINZHOU,CN,2d 13h 2m,718,2d 13h 2m,718,Partially Laden,6/27/2022 12:01,Cargo,Container Ship,CONTAINER SHIPS,SMALL FEEDER,10935,900,$500,"$450,000"
SANTA CRUZ,6/30/2022,4:56,MUARA BERAU ANCH,ID,9d 10h 44m,1594,9d 10h 44m,1594,Laden,6/20/2022 18:12,Cargo,Bulk Carrier,DRY BULK,PANAMAX,76440,6245,$500,"$3,122,500"
SINGAPORE,6/30/2022,15:07,SHEKOU,CN,1d 13h 30m,355,1d 13h 30m,355,Partially Laden,6/29/2022 1:37,Cargo,Container Ship,CONTAINER SHIPS,PANAMAX,38629,2720,$500,"$1,360,000"
SITC ULSAN,6/30/2022,13:56,NINGBO,CN,1d 12h 46m,517,1d 12h 46m,517,Laden,6/29/2022 1:10,Cargo,Container Ship,CONTAINER SHIPS,FEEDERMAX,37978,2720,$500,"$1,360,000"
XIN YIN HUAN,6/30/2022,13:34,JINZHOU,CN,10d 5h 43m,1141,3m,0,Laden,6/20/2022 7:51,Cargo,Bulk Carrier,DRY BULK,HANDYMAX,53622,4348,$500,"$2,174,000"
ZHONG GU TAI SHAN,6/30/2022,14:47,XIAMEN,CN,1m,1,1m,1,Laden,6/30/2022 14:46,Cargo,Container Ship,CONTAINER SHIPS,FEEDER,23596,2388,$500,"$1,194,000"
A WISDOM,6/29/2022,2:00,KAKINADA,IN,15d 19h 53m,3108,9d 1h 51m,1568,Laden,6/13/2022 6:07,Cargo,Bulk Carrier,DRY BULK,HANDYMAX,53503,4348,$500,"$2,174,000"
CMA CGM KIMBERLEY,6/29/2022,8:25,PORT KLANG,MY,3d 22h 38m,1883,3d 22h 38m,1883,Laden,6/25/2022 9:47,Cargo,Container Ship,CONTAINER SHIPS,ULCV,155000,13805,$500,"$6,902,500"
CMA CGM RIGOLETTO,6/29/2022,0:53,VANCOUVER,CA,12d 35m,5588,12d 35m,5588,Laden,6/17/2022 0:18,Cargo,Container Ship,CONTAINER SHIPS,POST PANAMAX,114004,13805,$500,"$6,902,500"
DMC NEPTUNE,6/29/2022,22:28,KRISHNAPATNAM,IN,12d 5h 27m,3315,12d 5h 27m,3315,Laden,6/17/2022 17:01,Cargo,Bulk Carrier,DRY BULK,HANDYSIZE,28183,2720,$500,"$1,360,000"
KMTC SHIMIZU,6/29/2022,11:56,SHANGHAI,CN,1d 19h 54m,648,1d 19h 54m,648,Laden,6/27/2022 16:02,Cargo,Container Ship,CONTAINER SHIPS,FEEDERMAX,37200,2720,$500,"$1,360,000"
LI DA TONG 2 HAO,6/29/2022,16:58,FUZHOU,CN,1d 17h,14,3m,0,Partially Laden,6/27/2022 23:58,Cargo,General Cargo,DRY BREAKBULK,HANDYSIZE,4142,289,$500,"$144,500"
LI DA TONG 2 HAO,6/29/2022,0:16,FUZHOU,CN,1d 18m,176,1d 18m,176,Partially Laden,6/27/2022 23:58,Cargo,General Cargo,DRY BREAKBULK,HANDYSIZE,4142,289,$500,"$144,500"
MAERSK EDIRNE,6/29/2022,23:19,YOKOHAMA,JP,8d 20h 39m,1312,8d 20h 39m,1312,Partially Laden,6/21/2022 2:40,Cargo,Container Ship,CONTAINER SHIPS,NEW PANAMAX,140973,13805,$500,"$6,902,500"
OOCL DURBAN,6/29/2022,1:21,KAOHSIUNG,TW,18h 27m,205,2m,0,In Ballast,6/28/2022 6:54,Cargo,Container Ship,CONTAINER SHIPS,POST PANAMAX,90079,8411,$500,"$4,205,500"
PAN CLOVER,6/29/2022,5:00,MUARA BERAU ANCH,ID,8d 19h 44m,1567,8d 19h 44m,1567,Laden,6/20/2022 9:16,Cargo,Bulk Carrier,DRY BULK,POST PANAMAX,81177,6674,$500,"$3,337,000"
SITC CHULAI,6/29/2022,4:58,HO CHI MINH,VN,3d 2h 34m,1158,3d 2h 34m,1158,Laden,6/26/2022 2:24,Cargo,Container Ship,CONTAINER SHIPS,FEEDERMAX,38103,2720,$500,"$1,360,000"
SITC FANGCHENG,6/29/2022,7:26,DA NANG,VN,2d 8h 9m,778,2d 8h 9m,778,Partially Laden,6/26/2022 23:17,Cargo,Container Ship,CONTAINER SHIPS,FEEDER,12697,900,$500,"$450,000"
SWAN LAKE,6/29/2022,13:22,JIANGYIN,CN,8h 46m,116,8h 46m,116,Laden,6/29/2022 4:36,Cargo,Container Ship,CONTAINER SHIPS,SMALL FEEDER,7262,561,$500,"$280,500"
TA FENG,6/29/2022,5:14,XIAMEN,CN,15h 11m,47,15h 11m,47,In Ballast,6/28/2022 14:03,Cargo,General Cargo,DRY BREAKBULK,HANDYSIZE,1580,289,$500,"$144,500"
TA FENG,6/29/2022,23:58,XIAMEN,CN,15h 55m,47,15h 55m,47,In Ballast,6/29/2022 8:03,Cargo,General Cargo,DRY BREAKBULK,HANDYSIZE,1580,289,$500,"$144,500"
UNI ARDENT,6/29/2022,3:11,TAICHUNG,TW,12h 34m,138,12h 34m,138,Laden,6/28/2022 14:37,Cargo,Container Ship,CONTAINER SHIPS,FEEDER,15511,1028,$500,"$514,000"
XIN FENG NINGBO,6/29/2022,3:25,BAYUQUAN,CN,4d 9h 40m,1153,4d 9h 40m,1153,Laden,6/24/2022 17:45,Cargo,Container Ship,CONTAINER SHIPS,FEEDERMAX,35551,2720,$500,"$1,360,000"
XIN YUAN 19,6/29/2022,21:03,JIANGYIN,CN,1d 1h 31m,3,6m,0,N/A,6/28/2022 19:32,Cargo,General Cargo,DRY BREAKBULK,HANDYSIZE,2910,289,$500,"$144,500"
XIN YUAN 19,6/29/2022,11:05,JIANGYIN,CN,15h 33m,114,3m,1,Laden,6/28/2022 19:32,Cargo,General Cargo,DRY BREAKBULK,HANDYSIZE,2910,289,$500,"$144,500"
YM IMPROVEMENT,6/29/2022,11:45,CHIWAN,CN,1d 4h 54m,345,1d 4h 54m,345,Partially Laden,6/28/2022 6:51,Cargo,Container Ship,CONTAINER SHIPS,FEEDER,21700,2388,$500,"$1,194,000"
YUSHEN,6/29/2022,15:08,KAOHSIUNG,TW,3d 2h 37m,175,3d 2h 37m,175,In Ballast,6/26/2022 12:31,Cargo,Bulk Carrier,DRY BULK,HANDYSIZE,28581,2720,$500,"$1,360,000"
ZHONG GU TAI SHAN,6/29/2022,16:02,RIZHAO,CN,3d 14h 16m,874,3m,0,Laden,6/26/2022 1:46,Cargo,Container Ship,CONTAINER SHIPS,FEEDER,23596,2388,$500,"$1,194,000"
ZIM CARMEL,6/29/2022,22:44,DA CHAN BAY,CN,1d 34m,343,1d 34m,343,Laden,6/28/2022 22:10,Cargo,Container Ship,CONTAINER SHIPS,PANAMAX,52382,4348,$500,"$2,174,000"
CMA CGM VOLGA,6/28/2022,13:38,NINGBO,CN,1d 14h 49m,480,1d 14h 49m,480,Partially Laden,6/26/2022 22:49,Cargo,Container Ship,CONTAINER SHIPS,POST PANAMAX,113800,13805,$500,"$6,902,500"
CONSCIENCE,6/28/2022,8:21,SHANGHAI,CN,2d 3h 26m,609,2d 3h 26m,609,Laden,6/26/2022 4:55,Cargo,Container Ship,CONTAINER SHIPS,FEEDER,13707,1028,$500,"$514,000"
COSCO SHIPPING PEONY,6/28/2022,0:57,YANTIAN,CN,23h 24m,303,3m,0,Laden,6/27/2022 1:33,Cargo,Container Ship,CONTAINER SHIPS,NEW PANAMAX,146588,13805,$500,"$6,902,500"
HUA SI HAI,6/28/2022,12:24,QUANZHOU,CN,9h 23m,100,9h 23m,100,In Ballast,6/28/2022 3:01,Cargo,Bulk Carrier,DRY BULK,HANDYMAX,56568,4806,$500,"$2,403,000"
JI RUN,6/28/2022,22:03,JIANGYIN,CN,11h 12m,142,11h 12m,142,Laden,6/28/2022 10:51,Cargo,Container Ship,CONTAINER SHIPS,SMALL FEEDER,8732,684,$500,"$342,000"
KMTC LAEM CHABANG,6/28/2022,23:20,HONG KONG,HK,23h 16m,311,23h 16m,311,Partially Laden,6/28/2022 0:04,Cargo,Container Ship,CONTAINER SHIPS,FEEDER,21682,2388,$500,"$1,194,000"
MAERSK COTONOU,6/28/2022,7:56,TANJUNG PELEPAS,MY,7d 12h 54m,1719,7d 12h 54m,1719,Partially Laden,6/20/2022 19:02,Cargo,Container Ship,CONTAINER SHIPS,PANAMAX,68898,5224,$500,"$2,612,000"
MANILA MAERSK,6/28/2022,22:16,NINGBO,CN,1d 22h 29m,496,1d 22h 29m,496,Partially Laden,6/26/2022 23:47,Cargo,Container Ship,CONTAINER SHIPS,ULCV,210019,22221,$500,"$11,110,500"
MSC VANESSA,6/28/2022,0:42,BALBOA,PA,23d 20h 6m,9171,23d 20h 6m,9171,Partially Laden,6/4/2022 4:36,Cargo,Container Ship,CONTAINER SHIPS,POST PANAMAX,85844,6674,$500,"$3,337,000"
OKEE PIPER,6/28/2022,4:43,CHIWAN,CN,1d 25m,332,1d 25m,332,Partially Laden,6/27/2022 4:18,Cargo,Container Ship,CONTAINER SHIPS,FEEDER,12779,900,$500,"$450,000"
OOCL BRAZIL,6/28/2022,0:32,SHANGHAI,CN,2d 10h 21m,640,2d 10h 21m,640,Partially Laden,6/25/2022 14:11,Cargo,Container Ship,CONTAINER SHIPS,POST PANAMAX,90013,8411,$500,"$4,205,500"
SAWASDEE BALTIC,6/28/2022,23:26,HONG KONG,HK,22h 39m,334,22h 39m,334,Laden,6/28/2022 0:47,Cargo,Container Ship,CONTAINER SHIPS,FEEDER,22344,2388,$500,"$1,194,000"
SITC SINGAPORE,6/28/2022,15:33,WENZHOU,CN,1d 1h 29m,320,1d 1h 29m,320,Laden,6/27/2022 14:04,Cargo,Container Ship,CONTAINER SHIPS,FEEDERMAX,34905,2720,$500,"$1,360,000"
TA FENG,6/28/2022,11:46,PINGTAN,CN,15h 12m,130,15h 12m,130,Partially Laden,6/27/2022 20:34,Cargo,General Cargo,DRY BREAKBULK,HANDYSIZE,1580,289,$500,"$144,500"
TAI GANG,6/28/2022,2:58,KAOHSIUNG,TW,1d 1h 39m,168,5m,1,Partially Laden,6/27/2022 1:19,Cargo,General Cargo,DRY BREAKBULK,HANDYSIZE,4631,289,$500,"$144,500"
VITASPIRIT,6/28/2022,4:32,BUNATI,ID,8d 21h 48m,1874,7m,0,Laden,6/19/2022 6:44,Cargo,Bulk Carrier,DRY BULK,PANAMAX,74269,6245,$500,"$3,122,500"
WAN HAI 103,6/28/2022,2:23,KAOHSIUNG,TW,20h 27m,176,20h 27m,176,Laden,6/27/2022 5:56,Cargo,Container Ship,CONTAINER SHIPS,FEEDER,11500,900,$500,"$450,000"
WAN HAI 621,6/28/2022,4:18,SAVANNAH,US,28d 2h 42m,12420,15d 2h 9m,6780,Partially Laden,5/31/2022 1:36,Cargo,Container Ship,CONTAINER SHIPS,POST PANAMAX,72982,6245,$500,"$3,122,500"
XIN WEI HAI,6/28/2022,7:56,NINGBO,CN,1d 5h 58m,486,1d 5h 58m,486,Laden,6/27/2022 1:58,Cargo,Container Ship,CONTAINER SHIPS,PANAMAX,52219,4348,$500,"$2,174,000"
YM IMMENSE,6/28/2022,15:26,NINGBO,CN,1d 14h 48m,506,1d 14h 48m,506,Partially Laden,6/27/2022 0:38,Cargo,Container Ship,CONTAINER SHIPS,FEEDER,22027,2388,$500,"$1,194,000"
ALS VENUS,6/27/2022,0:42,NANSHA,CN,1d 19h 15m,383,1d 19h 15m,383,Partially Laden,6/25/2022 5:27,Cargo,Container Ship,CONTAINER SHIPS,FEEDERMAX,34409,2720,$500,"$1,360,000"
BBC ARIZONA,6/27/2022,6:36,ROTTERDAM WAALHAVEN,NL,33d 6h 51m,10166,21d 11h 21m,6736,In Ballast,5/24/2022 23:45,Cargo,General Cargo,DRY BREAKBULK,HANDYSIZE,12747,900,$500,"$450,000"
COSCO SHIPPING SEINE,6/27/2022,23:15,NINGBO,CN,1d 8h 55m,485,2m,0,Laden,6/26/2022 14:20,Cargo,Container Ship,CONTAINER SHIPS,POST PANAMAX,111401,13805,$500,"$6,902,500"
FILOTIMO,6/27/2022,11:22,BATANGAS,PH,1d 23h 41m,716,1d 23h 41m,716,In Ballast,6/25/2022 11:41,Cargo,Container Ship,CONTAINER SHIPS,FEEDER,23484,2388,$500,"$1,194,000"
HUA HANG 6,6/27/2022,19:04,TAICHUNG,TW,1d 6h 15m,138,3m,1,Laden,6/26/2022 12:49,Cargo,Container Ship,CONTAINER SHIPS,SMALL FEEDER,8243,684,$500,"$342,000"
HYUNDAI TOKYO,6/27/2022,15:27,QINGDAO,CN,2d 2h 41m,895,6m,0,Partially Laden,6/25/2022 12:46,Cargo,Container Ship,CONTAINER SHIPS,POST PANAMAX,80059,6674,$500,"$3,337,000"
MAERSK SINGAPORE,6/27/2022,7:07,KAOHSIUNG,TW,2d 15h 27m,197,2d 15h 27m,197,Partially Laden,6/24/2022 15:40,Cargo,Container Ship,CONTAINER SHIPS,POST PANAMAX,102681,8411,$500,"$4,205,500"
MERKUR HORIZON,6/27/2022,3:17,TAICHUNG,TW,1d 1h 2m,159,1d 1h 2m,159,In Ballast,6/26/2022 2:15,Cargo,Container Ship,CONTAINER SHIPS,PANAMAX,51602,4348,$500,"$2,174,000"
SITC HONGKONG,6/27/2022,2:52,SHANGHAI,CN,1d 19h 9m,569,1d 19h 9m,569,Laden,6/25/2022 7:43,Cargo,Container Ship,CONTAINER SHIPS,SMALL FEEDER,12621,900,$500,"$450,000"
SITC XINCHENG,6/27/2022,0:22,SHANGHAI,CN,1d 18h 20m,593,1d 18h 20m,593,Laden,6/25/2022 6:02,Cargo,Container Ship,CONTAINER SHIPS,,35298,2720,$500,"$1,360,000"
TONSBERG,6/27/2022,3:07,KAOHSIUNG,TW,12h 39m,173,12h 39m,173,Laden,6/26/2022 14:28,Cargo,Container Ship,CONTAINER SHIPS,POST PANAMAX,68142,5224,$500,"$2,612,000"
XIN HANG ZHOU,6/27/2022,12:53,NINGBO,CN,3d 14h 10m,536,3d 14h 10m,536,Laden,6/23/2022 22:43,Cargo,Container Ship,CONTAINER SHIPS,PANAMAX,67040,5224,$500,"$2,612,000"
XIN NAN SHA,6/27/2022,23:10,NINGBO,CN,1d 8h 12m,490,1d 8h 12m,490,Partially Laden,6/26/2022 14:58,Cargo,Container Ship,CONTAINER SHIPS,PANAMAX,52191,4348,$500,"$2,174,000"
XIN QUN DAO,6/27/2022,23:43,MANILA SOUTH HARBOR,PH,3d 9h 34m,11,2m,1,In Ballast,6/24/2022 14:09,Cargo,Container Ship,CONTAINER SHIPS,SMALL FEEDER,10800,900,$500,"$450,000"
CAPE FARO,6/26/2022,2:13,HAI PHONG,VN,2d 7h 59m,740,2d 7h 59m,740,Laden,6/23/2022 18:14,Cargo,Container Ship,CONTAINER SHIPS,FEEDER,20316,2388,$500,"$1,194,000"
CSCL ARCTIC OCEAN,6/26/2022,4:36,NINGBO,CN,1d 4h 3m,495,3m,0,Laden,6/25/2022 0:33,Cargo,Container Ship,CONTAINER SHIPS,ULCV,184320,19000,$500,"$9,500,000"
DIMA,6/26/2022,10:12,XIAMEN,CN,25m,5,25m,5,In Ballast,6/26/2022 9:47,Cargo,General Cargo,DRY BREAKBULK,HANDYSIZE,6901,362,$500,"$181,000"
G.BOX,6/26/2022,3:12,SHANGHAI,CN,1d 15h 29m,607,1d 15h 29m,607,Laden,6/24/2022 11:43,Cargo,Container Ship,CONTAINER SHIPS,FEEDER,21700,2388,$500,"$1,194,000"
GODSPEED,6/26/2022,11:27,KAOHSIUNG,TW,14h 7m,174,14h 7m,174,Partially Laden,6/25/2022 21:20,Cargo,General Cargo,DRY BREAKBULK,HANDYSIZE,7991,561,$500,"$280,500"
GRETE MAERSK,6/26/2022,14:00,YANTIAN,CN,18h 1m,297,18h 1m,297,Laden,6/25/2022 19:59,Cargo,Container Ship,CONTAINER SHIPS,POST PANAMAX,126591,13805,$500,"$6,902,500"
KMTC TAIPEIS,6/26/2022,11:58,NINGBO,CN,1d 12h 50m,479,1d 12h 50m,479,Laden,6/24/2022 23:08,Cargo,Container Ship,CONTAINER SHIPS,FEEDER,21741,2388,$500,"$1,194,000"
LUCKY DRAGON,6/26/2022,9:44,NINGBO,CN,1d 22h 17m,490,1d 22h 17m,490,Partially Laden,6/24/2022 11:27,Cargo,Container Ship,CONTAINER SHIPS,FEEDER,22148,2388,$500,"$1,194,000"
OOCL MALAYSIA,6/26/2022,23:55,PORT KLANG,MY,4d 13h 16m,1862,4d 13h 16m,1862,Laden,6/22/2022 10:39,Cargo,Container Ship,CONTAINER SHIPS,NEW PANAMAX,144162,13805,$500,"$6,902,500"
SHEN HUA 802,6/26/2022,8:27,TIANJIN,CN,8d 14h 34m,1227,8d 14h 34m,1227,Laden,6/17/2022 17:53,Cargo,Bulk Carrier,DRY BULK,PANAMAX,75380,6245,$500,"$3,122,500"
XIN CHUN SHUN,6/26/2022,5:29,TIANJIN,CN,5d 8h 38m,1150,5d 8h 38m,1150,In Ballast,6/20/2022 20:51,Cargo,General Cargo,DRY BREAKBULK,HANDYSIZE,10257,900,$500,"$450,000"
XIN MING ZHOU 98,6/26/2022,9:56,NINGBO,CN,1d 12h 5m,487,1d 12h 5m,487,Laden,6/24/2022 21:51,Cargo,Container Ship,CONTAINER SHIPS,,23982,2388,$500,"$1,194,000"
XIN QUN DAO,6/26/2022,23:22,MANILA SOUTH HARBOR,PH,2d 9h 13m,657,2d 9h 13m,657,In Ballast,6/24/2022 14:09,Cargo,Container Ship,CONTAINER SHIPS,SMALL FEEDER,10800,900,$500,"$450,000"
XIN YUAN 19,6/26/2022,8:37,FUZHOU,CN,2d 5h 56m,6,3m,0,Laden,6/24/2022 2:41,Cargo,General Cargo,DRY BREAKBULK,HANDYSIZE,2910,289,$500,"$144,500"
YM CREDIBILITY,6/26/2022,23:07,NINGBO,CN,1d 9h 34m,511,1d 9h 34m,511,In Ballast,6/25/2022 13:33,Cargo,Container Ship,CONTAINER SHIPS,FEEDERMAX,37500,2720,$500,"$1,360,000"
A ASO,6/25/2022,6:08,ZHUHAI,CN,1d 1h 35m,364,1d 1h 35m,364,Laden,6/24/2022 4:33,Cargo,Container Ship,CONTAINER SHIPS,FEEDER,15204,1028,$500,"$514,000"
ACE WIN,6/25/2022,14:42,VLADIVOSTOK,RU,6d 7h 53m,1408,6d 7h 53m,1408,Laden,6/19/2022 6:49,Cargo,Bulk Carrier,DRY BULK,HANDYMAX,52817,4348,$500,"$2,174,000"
CONSERO,6/25/2022,8:40,TAICANG,CN,2d 7h 23m,631,2d 7h 23m,631,In Ballast,6/23/2022 1:17,Cargo,Container Ship,CONTAINER SHIPS,FEEDER,13684,1028,$500,"$514,000"
CSCL WINTER,6/25/2022,13:47,JINTANG,CN,4d 13h 21m,515,4d 13h 21m,515,In Ballast,6/21/2022 0:26,Cargo,Container Ship,CONTAINER SHIPS,NEW PANAMAX,121839,13805,$500,"$6,902,500"
DIMA,6/25/2022,23:16,DAFENG,CN,3d 9h 51m,722,3d 9h 51m,722,In Ballast,6/22/2022 13:25,Cargo,General Cargo,DRY BREAKBULK,HANDYSIZE,6901,362,$500,"$181,000"
EVER DEVOTE,6/25/2022,6:21,KAOHSIUNG,TW,18h 29m,173,18h 29m,173,Laden,6/24/2022 11:52,Cargo,Container Ship,CONTAINER SHIPS,PANAMAX,55604,4348,$500,"$2,174,000"
EVER OBEY,6/25/2022,23:47,NINGBO,CN,1d 11h 12m,508,1d 11h 12m,508,Partially Laden,6/24/2022 12:35,Cargo,Container Ship,CONTAINER SHIPS,FEEDERMAX,33541,2720,$500,"$1,360,000"
FENG ZE YUAN,6/25/2022,4:06,MANILA SOUTH HARBOR,PH,1d 23h 22m,663,1d 23h 22m,663,In Ballast,6/23/2022 4:44,Cargo,Container Ship,CONTAINER SHIPS,SMALL FEEDER,8214,684,$500,"$342,000"
FENG ZE YUAN,6/25/2022,21:57,MANILA SOUTH HARBOR,PH,2d 17h 13m,10,5m,1,In Ballast,6/23/2022 4:44,Cargo,Container Ship,CONTAINER SHIPS,SMALL FEEDER,8214,684,$500,"$342,000"
HMM GAON,6/25/2022,12:37,HONG KONG,HK,2d 7h 21m,325,2d 7h 21m,325,In Ballast,6/23/2022 5:16,Cargo,Container Ship,CONTAINER SHIPS,ULCV,160927,19000,$500,"$9,500,000"
INCRES,6/25/2022,22:52,SHANGHAI,CN,1d 20h,615,1d 20h,615,Partially Laden,6/24/2022 2:52,Cargo,Container Ship,CONTAINER SHIPS,FEEDER,23432,2388,$500,"$1,194,000"
LI DA TONG 2 HAO,6/25/2022,23:13,FUZHOU,CN,1d 20h 32m,7,2m,0,Partially Laden,6/24/2022 2:41,Cargo,General Cargo,DRY BREAKBULK,HANDYSIZE,4142,289,$500,"$144,500"
LI DA TONG 2 HAO,6/25/2022,14:47,FUZHOU,CN,1d 12h 6m,169,7m,0,Partially Laden,6/24/2022 2:41,Cargo,General Cargo,DRY BREAKBULK,HANDYSIZE,4142,289,$500,"$144,500"
MAERSK ENSHI,6/25/2022,13:16,YANTIAN,CN,1d 3h,315,3m,0,Laden,6/24/2022 10:16,Cargo,Container Ship,CONTAINER SHIPS,NEW PANAMAX,140973,13805,$500,"$6,902,500"
MAERSK INCHEON,6/25/2022,10:53,SHENZHEN,CN,18h 48m,342,18h 48m,342,Partially Laden,6/24/2022 16:05,Cargo,Container Ship,CONTAINER SHIPS,PANAMAX,42164,3433,$500,"$1,716,500"
MILD SONATA,6/25/2022,3:47,TAICANG,CN,1d 18h 15m,597,3m,1,Partially Laden,6/23/2022 9:32,Cargo,Container Ship,CONTAINER SHIPS,FEEDER,13238,1028,$500,"$514,000"
NIIGATA TRADER,6/25/2022,9:52,HONG KONG,HK,1d 1h 47m,306,22h 30m,300,Laden,6/24/2022 8:05,Cargo,Container Ship,CONTAINER SHIPS,FEEDER,13109,1028,$500,"$514,000"
SEADREAM,6/25/2022,22:43,BUSAN NEW PORT,KR,2d 8h 11m,889,1m,0,Partially Laden,6/23/2022 14:32,Cargo,Container Ship,CONTAINER SHIPS,PANAMAX,62603,5224,$500,"$2,612,000"
SENDAI TRADER,6/25/2022,11:16,GUANGAO,CN,20h 13m,147,20h 13m,147,Laden,6/24/2022 15:03,Cargo,Container Ship,CONTAINER SHIPS,FEEDER,13632,1028,$500,"$514,000"
SINOKOR HONGKONG,6/25/2022,0:28,HONG KONG,HK,2d 6h 13m,319,2d 6h 13m,319,Laden,6/22/2022 18:15,Cargo,Container Ship,CONTAINER SHIPS,SMALL FEEDER,17468,1028,$500,"$514,000"
SINOTRANS TIANJIN,6/25/2022,11:57,QUANZHOU,CN,4h 22m,67,4h 22m,67,Laden,6/25/2022 7:35,Cargo,Container Ship,CONTAINER SHIPS,FEEDER,12975,900,$500,"$450,000"
SITC WEIHAI,6/25/2022,6:07,NINGBO,CN,1d 17h 40m,466,3m,0,Laden,6/23/2022 12:27,Cargo,Container Ship,CONTAINER SHIPS,FEEDER,12827,900,$500,"$450,000"
SWAN LAKE,6/25/2022,9:14,TAICHUNG,TW,20h 52m,138,3m,0,Laden,6/24/2022 12:22,Cargo,Container Ship,CONTAINER SHIPS,SMALL FEEDER,7262,561,$500,"$280,500"
TA FENG,6/25/2022,6:56,PINGTAN,CN,16h 41m,128,16h 41m,128,Partially Laden,6/24/2022 14:15,Cargo,General Cargo,DRY BREAKBULK,HANDYSIZE,1580,289,$500,"$144,500"
WAN FU DA,6/25/2022,22:26,SHANGHAI,CN,1d 23h 1m,595,1d 23h 1m,595,Laden,6/23/2022 23:25,Cargo,Container Ship,CONTAINER SHIPS,FEEDERMAX,28293,2720,$500,"$1,360,000"
WAN HAI 521,6/25/2022,23:38,TAIPEI,TW,13h 10m,212,13h 10m,212,Partially Laden,6/25/2022 10:28,Cargo,Container Ship,CONTAINER SHIPS,PANAMAX,52788,4348,$500,"$2,174,000"
XIN YUAN 19,6/25/2022,21:37,FUZHOU,CN,1d 18h 56m,277,5m,1,Laden,6/24/2022 2:41,Cargo,General Cargo,DRY BREAKBULK,HANDYSIZE,2910,289,$500,"$144,500"
ZHONG GU NAN HAI,6/25/2022,4:14,NANSHA,CN,1d 4h 26m,359,1d 4h 26m,359,In Ballast,6/23/2022 23:48,Cargo,Container Ship,CONTAINER SHIPS,FEEDER,24123,2388,$500,"$1,194,000"
DERYOUNG SPRING,6/24/2022,1:54,KAOHSIUNG,TW,17h 49m,173,17h 49m,173,Laden,6/23/2022 8:05,Cargo,General Cargo,DRY BREAKBULK,HANDYSIZE,8301,684,$500,"$342,000"
FESCO SOFIA,6/24/2022,15:28,YANTIAN,CN,1d 1h 32m,291,1d 1h 32m,291,Laden,6/23/2022 13:56,Cargo,Container Ship,CONTAINER SHIPS,PANAMAX,41800,3433,$500,"$1,716,500"
GROTON EAGLE,6/24/2022,8:39,COLOSO,CL,50d 11h 26m,11394,43d 8h 27m,9891,Partially Laden,5/4/2022 21:13,Cargo,Bulk Carrier,DRY BULK,PANAMAX,63301,5224,$500,"$2,612,000"
KOTA GANDING,6/24/2022,6:22,SHANGHAI,CN,1d 19h 1m,632,1d 19h 1m,632,Partially Laden,6/22/2022 11:21,Cargo,Container Ship,CONTAINER SHIPS,FEEDERMAX,38887,2720,$500,"$1,360,000"
MCP GRAZ,6/24/2022,2:58,MANILA SOUTH HARBOR,PH,2d 11h 3m,669,2d 11h 3m,669,Partially Laden,6/21/2022 15:55,Cargo,General Cargo,DRY BREAKBULK,HANDYSIZE,7734,561,$500,"$280,500"
MSC BHAVYA,6/24/2022,22:58,NINGBO,CN,1d 8h 36m,498,1d 8h 36m,498,Laden,6/23/2022 14:22,Cargo,Container Ship,CONTAINER SHIPS,PANAMAX,66799,5224,$500,"$2,612,000"
OOCL BERLIN,6/24/2022,14:36,YANTIAN,CN,18h 6m,301,18h 6m,301,Partially Laden,6/23/2022 20:30,Cargo,Container Ship,CONTAINER SHIPS,NEW PANAMAX,144143,13805,$500,"$6,902,500"
PHUC THAI,6/24/2022,4:12,MANILA SOUTH HARBOR,PH,1d 23h 51m,651,1d 23h 51m,651,In Ballast,6/22/2022 4:21,Cargo,Container Ship,CONTAINER SHIPS,SMALL FEEDER,8272,684,$500,"$342,000"
QI XIAN LING,6/24/2022,1:04,KRISHNAPATNAM,IN,17d 13h 15m,3172,10d 16h 36m,1593,Laden,6/6/2022 11:49,Cargo,Bulk Carrier,DRY BULK,HANDYSIZE,34551,2720,$500,"$1,360,000"
SITC JAKARTA,6/24/2022,13:48,NINGBO,CN,1d 13h 48m,472,1d 13h 48m,472,Laden,6/23/2022 0:00,Cargo,Container Ship,CONTAINER SHIPS,FEEDER,22052,2388,$500,"$1,194,000"
TAI GANG,6/24/2022,9:19,TAICHUNG,TW,1d 7h 34m,135,4m,0,Partially Laden,6/23/2022 1:45,Cargo,General Cargo,DRY BREAKBULK,HANDYSIZE,4631,289,$500,"$144,500"
TS SHANGHAI,6/24/2022,16:24,CHIWAN,CN,1d 1h 10m,325,1d 1h 10m,325,Laden,6/23/2022 15:14,Cargo,Container Ship,CONTAINER SHIPS,FEEDER,11833,900,$500,"$450,000"
UNI ARDENT,6/24/2022,3:21,TAICHUNG,TW,11h 44m,136,11h 44m,136,Partially Laden,6/23/2022 15:37,Cargo,Container Ship,CONTAINER SHIPS,FEEDER,15511,1028,$500,"$514,000"
WAN HAI 515,6/24/2022,5:43,SHEKOU,CN,20h 3m,332,19h 51m,331,Laden,6/23/2022 9:40,Cargo,Container Ship,CONTAINER SHIPS,PANAMAX,57830,4806,$500,"$2,403,000"
XIN YI HAI 16,6/24/2022,5:07,SURABAYA,ID,13d 2h 27m,1730,3m,0,Laden,6/11/2022 2:40,Cargo,Bulk Carrier,DRY BULK,HANDYMAX,57008,4806,$500,"$2,403,000"
ASIATIC NEPTUNE,6/23/2022,10:12,CHIWAN,CN,23h 32m,346,23h 6m,343,In Ballast,6/22/2022 10:40,Cargo,Container Ship,CONTAINER SHIPS,FEEDER,12900,900,$500,"$450,000"
COSCO FAITH,6/23/2022,11:10,TAIPEI,TW,12h 22m,210,4m,0,Partially Laden,6/22/2022 22:48,Cargo,Container Ship,CONTAINER SHIPS,NEW PANAMAX,140599,13805,$500,"$6,902,500"
HE SHENG,6/23/2022,23:29,MANILA SOUTH HARBOR,PH,2d 9h 58m,654,2d 9h 58m,654,Partially Laden,6/21/2022 13:31,Cargo,General Cargo,DRY BREAKBULK,HANDYSIZE,12895,900,$500,"$450,000"
HE SHENG DONG FANG,6/23/2022,15:25,CAOFEIDIAN,CN,4d 7h 42m,1114,3m,0,Laden,6/19/2022 7:43,Cargo,Bulk Carrier,DRY BULK,HANDYSIZE,37729,2720,$500,"$1,360,000"
HUA HANG 6,6/23/2022,16:40,KAOHSIUNG,TW,11h 37m,167,11h 37m,167,Laden,6/23/2022 5:03,Cargo,Container Ship,CONTAINER SHIPS,SMALL FEEDER,8243,684,$500,"$342,000"
LMZ EUROPA,6/23/2022,16:01,TIANJIN,CN,5d 8h 46m,1197,6m,0,In Ballast,6/18/2022 7:15,Cargo,Bulk Carrier,DRY BULK,HANDYMAX,56771,4806,$500,"$2,403,000"
LOS ANDES BRIDGE,6/23/2022,1:57,SHANGHAI,CN,1d 13h 12m,601,1d 13h 12m,601,Laden,6/21/2022 12:45,Cargo,Container Ship,CONTAINER SHIPS,FEEDERMAX,33003,2720,$500,"$1,360,000"
MELINA,6/23/2022,23:01,DA CHAN BAY,CN,20h 49m,337,20h 49m,337,Partially Laden,6/23/2022 2:12,Cargo,Container Ship,CONTAINER SHIPS,PANAMAX,50716,4348,$500,"$2,174,000"
MSC REBECCA,6/23/2022,23:10,NAGOYA,JP,6d 19h 21m,1258,6d 19h 21m,1258,In Ballast,6/17/2022 3:49,Cargo,Container Ship,CONTAINER SHIPS,PANAMAX,42954,3433,$500,"$1,716,500"
OCEANWIN 8,6/23/2022,2:25,CAGAYAN DE ORO ANCH,PH,5d 2m,1129,5d 2m,1129,In Ballast,6/18/2022 2:23,Cargo,General Cargo,DRY BREAKBULK,HANDYSIZE,4980,289,$500,"$144,500"
OOCL KUALA LUMPUR,6/23/2022,6:59,LIUHENG,CN,6d 5h 52m,494,6d 5h 52m,494,In Ballast,6/17/2022 1:07,Cargo,Container Ship,CONTAINER SHIPS,PANAMAX,66940,5224,$500,"$2,612,000"
OREA,6/23/2022,9:31,SHEKOU,CN,20h 38m,329,20h 38m,329,Partially Laden,6/22/2022 12:53,Cargo,Container Ship,CONTAINER SHIPS,FEEDERMAX,25044,2720,$500,"$1,360,000"
OSG BEAUTEC,6/23/2022,0:12,NINGBO,CN,1d 12h 22m,495,1d 12h 22m,495,Partially Laden,6/21/2022 11:50,Cargo,Container Ship,CONTAINER SHIPS,SMALL FEEDER,8283,684,$500,"$342,000"
SEASPAN LUMACO,6/23/2022,23:26,LOS ANGELES,US,18d 30m,6046,18d 30m,6046,N/A,6/5/2022 22:56,Cargo,Container Ship,CONTAINER SHIPS,PANAMAX,50245,4348,$500,"$2,174,000"
SITC LIAONING,6/23/2022,22:03,HO CHI MINH,VN,3d 11h 23m,1138,3m,1,Laden,6/20/2022 10:40,Cargo,Container Ship,CONTAINER SHIPS,FEEDER,21355,2388,$500,"$1,194,000"
YM MUTUALITY,6/23/2022,2:11,NINGBO,CN,2d 22h 9m,529,2d 22h 9m,529,Partially Laden,6/20/2022 4:02,Cargo,Container Ship,CONTAINER SHIPS,POST PANAMAX,81145,6674,$500,"$3,337,000"
YOKOHAMA TRADER,6/23/2022,7:05,CHIWAN,CN,21h 28m,328,21h 28m,328,Partially Laden,6/22/2022 9:37,Cargo,Container Ship,CONTAINER SHIPS,FEEDER,13273,1028,$500,"$514,000"
COSCO SHIPPING AZALEA,6/22/2022,10:43,JIANGYIN,CN,11h 5m,155,11h 5m,155,Partially Laden,6/21/2022 23:38,Cargo,Container Ship,CONTAINER SHIPS,NEW PANAMAX,146513,13805,$500,"$6,902,500"
CSCL PACIFIC OCEAN,6/22/2022,5:26,SINGAPORE,SG,3d 11h 58m,1664,3d 11h 58m,1664,Laden,6/18/2022 17:28,Cargo,Container Ship,CONTAINER SHIPS,ULCV,184320,19000,$500,"$9,500,000"
EVER FINE,6/22/2022,23:51,TAIPEI,TW,1d 5h 46m,211,1d 5h 46m,211,In Ballast,6/21/2022 18:05,Cargo,Container Ship,CONTAINER SHIPS,NEW PANAMAX,130573,13805,$500,"$6,902,500"
JIA HANG SHUN,6/22/2022,22:56,JINGTANG,CN,5d 1h 57m,1089,5d 1h 57m,1089,Laden,6/17/2022 20:59,Cargo,Bulk Carrier,DRY BULK,HANDYMAX,52180,4348,$500,"$2,174,000"
KITI BHUM,6/22/2022,0:02,HONG KONG,HK,4d 14h 48m,317,4d 14h 48m,317,In Ballast,6/17/2022 9:14,Cargo,Container Ship,CONTAINER SHIPS,SMALL FEEDER,10908,900,$500,"$450,000"
LI DA TONG 2 HAO,6/22/2022,16:37,FUZHOU,CN,2d 6h 31m,8,4m,0,Partially Laden,6/20/2022 10:06,Cargo,General Cargo,DRY BREAKBULK,HANDYSIZE,4142,289,$500,"$144,500"
MSC LUCIANA,6/22/2022,22:51,YANTIAN,CN,2d 1h 23m,331,2d 1h 23m,331,In Ballast,6/20/2022 21:28,Cargo,Container Ship,CONTAINER SHIPS,NEW PANAMAX,138377,13805,$500,"$6,902,500"
NAVIOS LAPIS,6/22/2022,6:58,TAICHUNG,TW,2d 19h 59m,138,2d 19h 59m,138,In Ballast,6/19/2022 10:59,Cargo,Container Ship,CONTAINER SHIPS,PANAMAX,50506,4348,$500,"$2,174,000"
PAN DAISY,6/22/2022,23:44,KRISHNAPATNAM,IN,12d 11h 49m,3167,6d 24m,1584,Laden,6/10/2022 11:55,Cargo,Bulk Carrier,DRY BULK,HANDYSIZE,32949,2720,$500,"$1,360,000"
PROTI,6/22/2022,5:02,XIUYU,CN,2d 21h 40m,113,2d 21h 40m,113,Partially Laden,6/19/2022 7:22,Cargo,Bulk Carrier,DRY BULK,CAPESIZE,182476,19000,$500,"$9,500,000"
REN JIAN 9,6/22/2022,12:45,NINGBO,CN,1d 9h 35m,490,1d 9h 35m,490,Partially Laden,6/21/2022 3:10,Cargo,Container Ship,CONTAINER SHIPS,PANAMAX,57240,4806,$500,"$2,403,000"
SITC SHIDAO,6/22/2022,0:29,DA NANG,VN,2d 48m,781,2d 48m,781,Partially Laden,6/19/2022 23:41,Cargo,Container Ship,CONTAINER SHIPS,FEEDER,12331,900,$500,"$450,000"
SITC YANTAI,6/22/2022,12:03,SHANGHAI,CN,1d 17h 21m,569,3m,0,Laden,6/20/2022 18:42,Cargo,Container Ship,CONTAINER SHIPS,FEEDER,12691,900,$500,"$450,000"
STAR FRONTIER,6/22/2022,23:39,HONG KONG,HK,1d 13h 9m,325,1d 13h 9m,325,Partially Laden,6/21/2022 10:30,Cargo,Container Ship,CONTAINER SHIPS,FEEDER,12255,900,$500,"$450,000"
SWAN LAKE,6/22/2022,8:40,JIANGYIN,CN,8h 32m,115,8h 32m,115,Partially Laden,6/22/2022 0:08,Cargo,Container Ship,CONTAINER SHIPS,SMALL FEEDER,7262,561,$500,"$280,500"
TA FENG,6/22/2022,23:41,XIAMEN,CN,19h 3m,43,19h 3m,43,Partially Laden,6/22/2022 4:38,Cargo,General Cargo,DRY BREAKBULK,HANDYSIZE,1580,289,$500,"$144,500"
THE PROSPERITY,6/22/2022,4:47,CAM PHA ANCH,VN,16d 21h 57m,732,16d 21h 57m,732,In Ballast,6/5/2022 6:50,Cargo,Bulk Carrier,DRY BULK,POST PANAMAX,81922,6674,$500,"$3,337,000"
UHL FLASH,6/22/2022,11:45,SATTAHIP,TH,5d 48m,1649,4d 19h 54m,1633,In Ballast,6/17/2022 10:57,Cargo,General Cargo,DRY BREAKBULK,HANDYSIZE,17125,1028,$500,"$514,000"
XIN LONG YUN 58,6/22/2022,13:50,TIANJIN,CN,4d 21h 48m,1122,4d 21h 48m,1122,Laden,6/17/2022 16:02,Cargo,Container Ship,CONTAINER SHIPS,FEEDER,21366,2388,$500,"$1,194,000"
XIN YANG PU,6/22/2022,13:03,SHANGHAI,CN,2d 3h 9m,621,2d 3h 9m,621,Laden,6/20/2022 9:54,Cargo,Container Ship,CONTAINER SHIPS,PANAMAX,52200,4348,$500,"$2,174,000"
XIN YUAN 19,6/22/2022,9:06,XIAMEN ANCH,CN,3m,1,3m,1,Partially Laden,6/22/2022 9:03,Cargo,General Cargo,DRY BREAKBULK,HANDYSIZE,2910,289,$500,"$144,500"
ANL GIPPSLAND,6/21/2022,0:06,KAOHSIUNG,TW,19h 30m,198,19h 30m,198,In Ballast,6/20/2022 4:36,Cargo,Container Ship,CONTAINER SHIPS,POST PANAMAX,90799,8411,$500,"$4,205,500"
APL TURKEY,6/21/2022,8:12,SHEKOU,CN,1d 13h 59m,355,1d 13h 59m,355,Partially Laden,6/19/2022 18:13,Cargo,Container Ship,CONTAINER SHIPS,POST PANAMAX,72912,6245,$500,"$3,122,500"
CMACGM SAN FRANCISCO,6/21/2022,15:08,NINGBO,CN,1d 14h 21m,487,1d 14h 21m,487,In Ballast,6/20/2022 0:47,Cargo,Container Ship,CONTAINER SHIPS,POST PANAMAX,85823,6674,$500,"$3,337,000"
JI YUAN,6/21/2022,6:40,JIANGYIN,CN,13h 7m,120,4m,1,Partially Laden,6/20/2022 17:33,Cargo,Container Ship,CONTAINER SHIPS,SMALL FEEDER,8703,684,$500,"$342,000"
LI DA TONG 2 HAO,6/21/2022,23:04,XIAMEN,CN,13m,2,13m,2,Partially Laden,6/21/2022 22:51,Cargo,General Cargo,DRY BREAKBULK,HANDYSIZE,4142,289,$500,"$144,500"
LI DA TONG 2 HAO,6/21/2022,17:26,FUZHOU,CN,1d 7h 20m,174,4m,0,Partially Laden,6/20/2022 10:06,Cargo,General Cargo,DRY BREAKBULK,HANDYSIZE,4142,289,$500,"$144,500"
MAERSK COPENHAGEN,6/21/2022,5:11,TANJUNG PELEPAS,MY,7d 8h 50m,1710,3m,0,Partially Laden,6/13/2022 20:21,Cargo,Container Ship,CONTAINER SHIPS,PANAMAX,61614,5224,$500,"$2,612,000"
ONE THESEUS,6/21/2022,23:18,SHANGHAI,CN,3d 15h 31m,604,3d 15h 31m,604,In Ballast,6/18/2022 7:47,Cargo,Container Ship,CONTAINER SHIPS,POST PANAMAX,80220,6674,$500,"$3,337,000"
SEASPAN DALIAN,6/21/2022,12:50,NINGBO,CN,1d 7h 21m,509,1d 7h 21m,509,In Ballast,6/20/2022 5:29,Cargo,Container Ship,CONTAINER SHIPS,PANAMAX,50789,4348,$500,"$2,174,000"
TA FENG,6/21/2022,5:14,PINGTAN,CN,14h 43m,129,14h 43m,129,Partially Laden,6/20/2022 14:31,Cargo,General Cargo,DRY BREAKBULK,HANDYSIZE,1580,289,$500,"$144,500"
TA FENG,6/21/2022,23:53,XIAMEN,CN,16h 4m,45,16h 4m,45,Partially Laden,6/21/2022 7:49,Cargo,General Cargo,DRY BREAKBULK,HANDYSIZE,1580,289,$500,"$144,500"
TAI GANG,6/21/2022,5:14,QUANZHOU,CN,12h 8m,62,23m,3,In Ballast,6/20/2022 17:06,Cargo,General Cargo,DRY BREAKBULK,HANDYSIZE,4631,289,$500,"$144,500"
TS OSAKA,6/21/2022,13:54,CHIWAN,CN,22h 12m,320,22h 12m,320,Partially Laden,6/20/2022 15:42,Cargo,Container Ship,CONTAINER SHIPS,FEEDER,21475,2388,$500,"$1,194,000"
TY EVER,6/21/2022,23:19,KAOHSIUNG,TW,18h 10m,195,18h 10m,195,In Ballast,6/21/2022 5:09,Cargo,General Cargo,DRY BREAKBULK,HANDYSIZE,6260,362,$500,"$181,000"
WAN HAI 293,6/21/2022,13:35,SHEKOU,CN,20h 53m,329,20h 53m,329,Partially Laden,6/20/2022 16:42,Cargo,Container Ship,CONTAINER SHIPS,,23816,2388,$500,"$1,194,000"
XIN YANG SHAN,6/21/2022,13:50,NINGBO,CN,2d 1h 6m,486,2d 1h 6m,486,Laden,6/19/2022 12:44,Cargo,Container Ship,CONTAINER SHIPS,PANAMAX,52242,4348,$500,"$2,174,000"
XIN YUAN 19,6/21/2022,17:18,JIANGYIN,CN,16h 1m,113,16h 1m,113,Laden,6/21/2022 1:17,Cargo,General Cargo,DRY BREAKBULK,HANDYSIZE,2910,289,$500,"$144,500"
ZIM ALABAMA,6/21/2022,23:18,BALBOA,PA,23d 5h 38m,8891,23d 5h 38m,8891,Partially Laden,5/29/2022 17:40,Cargo,Container Ship,CONTAINER SHIPS,POST PANAMAX,80229,6674,$500,"$3,337,000"
AS CASPRIA,6/20/2022,15:30,SHANGHAI,CN,2d 8h 32m,629,2d 8h 32m,629,Partially Laden,6/18/2022 6:58,Cargo,Container Ship,CONTAINER SHIPS,FEEDERMAX,35534,2720,$500,"$1,360,000"
DIAMANTIS P.,6/20/2022,5:52,NINGBO,CN,2d 5h 40m,474,2d 5h 40m,474,Partially Laden,6/18/2022 0:12,Cargo,Container Ship,CONTAINER SHIPS,FEEDERMAX,30340,2720,$500,"$1,360,000"
DONG FANG SHUN,6/20/2022,6:57,KAOHSIUNG,TW,13h 59m,173,13h 59m,173,Partially Laden,6/19/2022 16:58,Cargo,Container Ship,CONTAINER SHIPS,SMALL FEEDER,8853,684,$500,"$342,000"
EVER CERTAIN,6/20/2022,4:30,SHEKOU,CN,1d 3h 59m,330,1d 3h 59m,330,In Ballast,6/19/2022 0:31,Cargo,Container Ship,CONTAINER SHIPS,FEEDER,22383,2388,$500,"$1,194,000"
GABRIELA A,6/20/2022,9:07,SHEKOU,CN,1d 12h 25m,383,1d 12h 25m,383,Partially Laden,6/18/2022 20:42,Cargo,Container Ship,CONTAINER SHIPS,FEEDERMAX,38121,2720,$500,"$1,360,000"
MCC ANDALAS,6/20/2022,5:04,MANILA,PH,3d 9h 2m,691,3d 9h 2m,691,In Ballast,6/16/2022 20:02,Cargo,Container Ship,CONTAINER SHIPS,FEEDER,13950,1028,$500,"$514,000"
MILD CHORUS,6/20/2022,4:34,TAICANG,CN,1d 23h 45m,615,1d 23h 45m,615,Partially Laden,6/18/2022 4:49,Cargo,Container Ship,CONTAINER SHIPS,FEEDER,13294,1028,$500,"$514,000"
MSC EVA,6/20/2022,22:52,NINGBO,CN,1d 16h,503,1d 16h,503,Partially Laden,6/19/2022 6:52,Cargo,Container Ship,CONTAINER SHIPS,NEW PANAMAX,162867,19000,$500,"$9,500,000"
MSC SIXIN,6/20/2022,10:40,SHANGHAI,CN,2d 2h 6m,561,2d 2h 6m,561,Partially Laden,6/18/2022 8:34,Cargo,Container Ship,CONTAINER SHIPS,ULCV,228111,22221,$500,"$11,110,500"
NEWSUN VISION,6/20/2022,7:47,KAKINADA,IN,17d 20h 53m,3228,10d 15h 40m,1651,Laden,6/2/2022 10:54,Cargo,Bulk Carrier,DRY BULK,HANDYSIZE,30548,2720,$500,"$1,360,000"
SITC DECHENG,6/20/2022,5:27,NINGBO,CN,1d 15h 16m,479,1d 15h 16m,479,Laden,6/18/2022 14:11,Cargo,Container Ship,CONTAINER SHIPS,FEEDERMAX,35348,2720,$500,"$1,360,000"
TRITON,6/20/2022,9:04,COLON,PA,18d 23h 54m,9269,18d 11h 14m,9223,Partially Laden,6/1/2022 9:10,Cargo,Container Ship,CONTAINER SHIPS,NEW PANAMAX,153520,13805,$500,"$6,902,500"
YM UNIFORMITY,6/20/2022,9:30,KAOHSIUNG,TW,22h 34m,189,22h 34m,189,In Ballast,6/19/2022 10:56,Cargo,Container Ship,CONTAINER SHIPS,POST PANAMAX,103235,8411,$500,"$4,205,500"
ZHONG GU TAI SHAN,6/20/2022,6:08,RIZHAO,CN,3d 15h 58m,879,3m,0,Laden,6/16/2022 14:10,Cargo,Container Ship,CONTAINER SHIPS,FEEDER,23596,2388,$500,"$1,194,000"
AS CALIFORNIA,6/19/2022,6:12,LAEM CHABANG,TH,7d 8h 7m,1696,7d 8h 7m,1696,Laden,6/11/2022 22:05,Cargo,Container Ship,CONTAINER SHIPS,FEEDERMAX,39446,2720,$500,"$1,360,000"
CHANG ZAN,6/19/2022,6:46,NINGBO,CN,5d 4h 58m,582,3m,1,In Ballast,6/14/2022 1:48,Cargo,General Cargo,DRY BREAKBULK,HANDYSIZE,9085,703,$500,"$351,500"
CMA CGM ARCTIC,6/19/2022,14:09,YANTIAN,CN,1d 8h 9m,330,1d 8h 9m,330,Laden,6/18/2022 6:00,Cargo,Container Ship,CONTAINER SHIPS,,154700,13805,$500,"$6,902,500"
COSCO FUZHOU,6/19/2022,6:02,JINTANG,CN,1d 16h 30m,516,1d 16h 30m,516,Partially Laden,6/17/2022 13:32,Cargo,Container Ship,CONTAINER SHIPS,PANAMAX,42123,3433,$500,"$1,716,500"
GERD MAERSK,6/19/2022,6:28,YANTIAN,CN,2d 9h 23m,317,2d 9h 23m,317,Partially Laden,6/16/2022 21:05,Cargo,Container Ship,CONTAINER SHIPS,POST PANAMAX,126453,13805,$500,"$6,902,500"
GLORY TIANJIN,6/19/2022,16:58,TAICANG,CN,2d 7h 49m,607,2d 7h 49m,607,Partially Laden,6/17/2022 9:09,Cargo,Container Ship,CONTAINER SHIPS,FEEDER,12402,900,$500,"$450,000"
GUANG ZHOU FA ZHAN 3,6/19/2022,7:17,QINHUANGDAO,CN,4d 12h 32m,1091,4d 12h 32m,1091,Laden,6/14/2022 18:45,Cargo,Bulk Carrier,DRY BULK,HANDYMAX,57114,4806,$500,"$2,403,000"
JOSCO LUCKY,6/19/2022,3:25,HO CHI MINH,VN,3d 22h 39m,25,3m,1,In Ballast,6/15/2022 4:46,Cargo,Container Ship,CONTAINER SHIPS,FEEDER,24573,2388,$500,"$1,194,000"
KAPITAN AFANASYEV,6/19/2022,12:43,YANTIAN,CN,1d 17h 4m,296,1d 17h 4m,296,Partially Laden,6/17/2022 19:39,Cargo,Container Ship,CONTAINER SHIPS,FEEDER,23380,2388,$500,"$1,194,000"
LOA GLORY,6/19/2022,6:57,SHANGHAI,CN,2d 21h 28m,586,2d 21h 28m,586,Partially Laden,6/16/2022 9:29,Cargo,Container Ship,CONTAINER SHIPS,FEEDER,24336,2388,$500,"$1,194,000"
MONIKA,6/19/2022,7:28,ANPING,TW,1d 20h 2m,152,1d 20h 2m,152,In Ballast,6/17/2022 11:26,Cargo,General Cargo,DRY BREAKBULK,HANDYSIZE,4000,289,$500,"$144,500"
OOCL INDONESIA,6/19/2022,9:04,NINGBO,CN,1d 8h 19m,495,1d 8h 19m,495,Partially Laden,6/18/2022 0:45,Cargo,Container Ship,CONTAINER SHIPS,ULCV,196846,22221,$500,"$11,110,500"
POSEN,6/19/2022,12:56,NINGBO,CN,1d 9h 39m,511,1d 9h 39m,511,In Ballast,6/18/2022 3:17,Cargo,Container Ship,CONTAINER SHIPS,FEEDERMAX,37951,2720,$500,"$1,360,000"
SEATTLE BRIDGE,6/19/2022,9:07,KAOHSIUNG,TW,1d 11h 33m,238,1d 11h 33m,238,Partially Laden,6/17/2022 21:34,Cargo,Container Ship,CONTAINER SHIPS,POST PANAMAX,72890,6245,$500,"$3,122,500"
SITC OSAKA,6/19/2022,10:11,NINGBO,CN,1d 19h 16m,469,1d 19h 16m,469,Laden,6/17/2022 14:55,Cargo,Container Ship,CONTAINER SHIPS,FEEDER,11913,900,$500,"$450,000"
SITC PORT KLANG,6/19/2022,11:02,WENZHOU,CN,1d 1h 19m,322,1d 1h 19m,322,Laden,6/18/2022 9:43,Cargo,Container Ship,CONTAINER SHIPS,FEEDERMAX,34905,2720,$500,"$1,360,000"
UMM QARN,6/19/2022,11:54,HONG KONG,HK,2d 19h 24m,335,2d 19h 24m,335,Partially Laden,6/16/2022 16:30,Cargo,Container Ship,CONTAINER SHIPS,ULCV,149360,13805,$500,"$6,902,500"
W ORIGINAL,6/19/2022,7:08,RIZHAO,CN,3d 23h 12m,909,3d 23h 12m,909,Laden,6/15/2022 7:56,Cargo,Bulk Carrier,DRY BULK,POST PANAMAX,81874,6674,$500,"$3,337,000"
XIN DONG GUAN 3,6/19/2022,9:16,KALIORANG,ID,6d 3h 30m,1485,6d 3h 30m,1485,Laden,6/13/2022 5:46,Cargo,Bulk Carrier,DRY BULK,PANAMAX,69512,5224,$500,"$2,612,000"
XIN TAI CANG,6/19/2022,6:32,SHANGHAI,CN,2d 12h 59m,579,2d 12h 59m,579,Partially Laden,6/16/2022 17:33,Cargo,Container Ship,CONTAINER SHIPS,PANAMAX,52245,4348,$500,"$2,174,000"
ZE GUANG,6/19/2022,9:01,BAYUQUAN,CN,3d 15h 34m,1147,3d 15h 34m,1147,Laden,6/15/2022 17:27,Cargo,Container Ship,CONTAINER SHIPS,PANAMAX,46350,3977,$500,"$1,988,500"
A ASO,6/18/2022,6:29,TAICHUNG,TW,22h 47m,142,4m,0,In Ballast,6/17/2022 7:42,Cargo,Container Ship,CONTAINER SHIPS,FEEDER,15204,1028,$500,"$514,000"
CONTSHIP PEP,6/18/2022,12:08,NANSHA,CN,1d 11h 49m,395,1d 11h 49m,395,Partially Laden,6/17/2022 0:19,Cargo,General Cargo,DRY BREAKBULK,HANDYSIZE,11834,900,$500,"$450,000"
COSCO PIRAEUS,6/18/2022,0:04,NINGBO,CN,2d 1h 7m,506,2d 1h 7m,506,Partially Laden,6/15/2022 22:57,Cargo,Container Ship,CONTAINER SHIPS,PANAMAX,49997,3977,$500,"$1,988,500"
EVER FRANK,6/18/2022,7:55,COLON,PA,22d 20h 25m,9273,21d 10h 53m,9226,Partially Laden,5/26/2022 11:30,Cargo,Container Ship,CONTAINER SHIPS,NEW PANAMAX,127076,13805,$500,"$6,902,500"
HUA HANG 6,6/18/2022,16:51,TAICHUNG,TW,17h 53m,148,3m,0,Partially Laden,6/17/2022 22:58,Cargo,Container Ship,CONTAINER SHIPS,SMALL FEEDER,8243,684,$500,"$342,000"
JOSCO LUCKY,6/18/2022,3:53,HO CHI MINH,VN,2d 23h 7m,1142,2d 23h 7m,1142,In Ballast,6/15/2022 4:46,Cargo,Container Ship,CONTAINER SHIPS,FEEDER,24573,2388,$500,"$1,194,000"
LADY FLORA,6/18/2022,20:30,TAICHUNG,TW,3d 15h 5m,106,5h 23m,0,In Ballast,6/15/2022 5:25,Cargo,Bulk Carrier,DRY BULK,HANDYMAX,47245,3977,$500,"$1,988,500"
LI DA TONG 2 HAO,6/18/2022,11:12,FUZHOU,CN,2d 12h 39m,8,3m,0,Partially Laden,6/15/2022 22:33,Cargo,General Cargo,DRY BREAKBULK,HANDYSIZE,4142,289,$500,"$144,500"
LOS ANGELES TRADER,6/18/2022,10:00,SHEKOU,CN,1d 17h,342,1d 17h,342,Laden,6/16/2022 17:00,Cargo,Container Ship,CONTAINER SHIPS,POST PANAMAX,67797,5224,$500,"$2,612,000"
PACIFIC TRADER,6/18/2022,5:09,HAI PHONG,VN,2d 17h 56m,770,2d 17h 56m,770,Partially Laden,6/15/2022 11:13,Cargo,Container Ship,CONTAINER SHIPS,FEEDER,13750,1028,$500,"$514,000"
SKY CHALLENGE,6/18/2022,9:54,HONG KONG,HK,1d 5h 21m,320,1d 5h 21m,320,Laden,6/17/2022 4:33,Cargo,Container Ship,CONTAINER SHIPS,FEEDER,21860,2388,$500,"$1,194,000"
SWAN LAKE,6/18/2022,9:33,KEELUNG,TW,1d 2h 52m,230,3m,1,Partially Laden,6/17/2022 6:41,Cargo,Container Ship,CONTAINER SHIPS,SMALL FEEDER,7262,561,$500,"$280,500"
TA FENG,6/18/2022,6:25,PINGTAN,CN,15h 51m,161,15h 51m,161,Partially Laden,6/17/2022 14:34,Cargo,General Cargo,DRY BREAKBULK,HANDYSIZE,1580,289,$500,"$144,500"
WAN HAI 321,6/18/2022,6:39,KAOHSIUNG,TW,1d 1m,172,1d 1m,172,Partially Laden,6/17/2022 6:38,Cargo,Container Ship,CONTAINER SHIPS,PANAMAX,37160,2720,$500,"$1,360,000"
XIN YUAN 19,6/18/2022,3:09,JIANGYIN,CN,2d 4h 14m,9,4m,0,Laden,6/15/2022 22:55,Cargo,General Cargo,DRY BREAKBULK,HANDYSIZE,2910,289,$500,"$144,500"
ZHONG GU DONG HAI,6/18/2022,3:18,NANSHA,CN,1d 7m,331,1d 7m,331,In Ballast,6/17/2022 3:11,Cargo,Container Ship,CONTAINER SHIPS,FEEDER,24124,2388,$500,"$1,194,000"
ZIM NINGBO,6/18/2022,22:21,XIAMEN,CN,14m,2,14m,2,In Ballast,6/18/2022 22:07,Cargo,Container Ship,CONTAINER SHIPS,POST PANAMAX,108427,8411,$500,"$4,205,500"
APL COLUMBUS,6/17/2022,9:27,SHENZHEN,CN,3d 22h 20m,344,3d 22h 20m,344,Partially Laden,6/13/2022 11:07,Cargo,Container Ship,CONTAINER SHIPS,POST PANAMAX,115017,13805,$500,"$6,902,500"
CMA CGM TANYA,6/17/2022,5:15,NINGBO,CN,2d 1h 47m,503,2d 1h 47m,503,Laden,6/15/2022 3:28,Cargo,Container Ship,CONTAINER SHIPS,POST PANAMAX,110500,13805,$500,"$6,902,500"
EVER BEADY,6/17/2022,13:30,NINGBO,CN,1d 7h 12m,529,1d 7h 12m,529,Partially Laden,6/16/2022 6:18,Cargo,Container Ship,CONTAINER SHIPS,FEEDERMAX,37301,2720,$500,"$1,360,000"
H WHALESHARK,6/17/2022,9:13,BAHUDOPI,ID,11d 13h 51m,1890,11d 13h 51m,1890,Laden,6/5/2022 19:22,Cargo,General Cargo,DRY BREAKBULK,HANDYSIZE,27868,2720,$500,"$1,360,000"
HANSA SIEGBURG,6/17/2022,6:19,SHANGHAI,CN,2d 14h 27m,644,2d 14h 27m,644,Partially Laden,6/14/2022 15:52,Cargo,Container Ship,CONTAINER SHIPS,FEEDER,23309,2388,$500,"$1,194,000"
JIN HAI FA,6/17/2022,23:00,QUANZHOU,CN,10h 30m,55,10h 30m,55,In Ballast,6/17/2022 12:30,Cargo,Bulk Carrier,DRY BULK,POST PANAMAX,104945,8411,$500,"$4,205,500"
KOTA PELANGI,6/17/2022,8:59,TAIPEI,TW,14h 15m,209,14h 15m,209,Laden,6/16/2022 18:44,Cargo,Container Ship,CONTAINER SHIPS,NEW PANAMAX,132340,13805,$500,"$6,902,500"
LI DA TONG 2 HAO,6/17/2022,5:15,FUZHOU,CN,1d 6h 42m,176,3m,0,Partially Laden,6/15/2022 22:33,Cargo,General Cargo,DRY BREAKBULK,HANDYSIZE,4142,289,$500,"$144,500"
MSC IMMA,6/17/2022,4:21,NAGOYA,JP,4d 1h 21m,1233,4d 1h 21m,1233,Partially Laden,6/13/2022 3:00,Cargo,Container Ship,CONTAINER SHIPS,FEEDERMAX,35980,2720,$500,"$1,360,000"
MSC KANOKO,6/17/2022,4:31,YOKOHAMA,JP,3d 9h 38m,1333,3d 9h 38m,1333,Partially Laden,6/13/2022 18:53,Cargo,Container Ship,CONTAINER SHIPS,NEW PANAMAX,149831,13805,$500,"$6,902,500"
SITC KANTO,6/17/2022,23:17,NINGBO,CN,1d 14h 9m,479,1d 14h 9m,479,Laden,6/16/2022 9:08,Cargo,Container Ship,CONTAINER SHIPS,FEEDER,21355,2388,$500,"$1,194,000"
UNI ARDENT,6/17/2022,2:33,KAOHSIUNG,TW,13h 24m,168,13h 24m,168,In Ballast,6/16/2022 13:09,Cargo,Container Ship,CONTAINER SHIPS,FEEDER,15511,1028,$500,"$514,000"
VICTORY VOYAGER,6/17/2022,15:17,SHEKOU,CN,22h 38m,317,22h 38m,317,Laden,6/16/2022 16:39,Cargo,Container Ship,CONTAINER SHIPS,FEEDER,15231,1028,$500,"$514,000"
WAN HAI 103,6/17/2022,4:18,KAOHSIUNG,TW,20h 52m,174,20h 52m,174,Laden,6/16/2022 7:26,Cargo,Container Ship,CONTAINER SHIPS,FEEDER,11500,900,$500,"$450,000"
XIN QIN ZHOU,6/17/2022,8:29,SHANGHAI,CN,2d 3h 10m,603,2d 3h 10m,603,Partially Laden,6/15/2022 5:19,Cargo,Container Ship,CONTAINER SHIPS,PANAMAX,66904,5224,$500,"$2,612,000"
XIN YUAN 19,6/17/2022,16:04,JIANGYIN,CN,1d 17h 9m,6,3m,0,N/A,6/15/2022 22:55,Cargo,General Cargo,DRY BREAKBULK,HANDYSIZE,2910,289,$500,"$144,500"
ZIM NINGBO,6/17/2022,23:11,SINGAPORE,SG,4d 18h 15m,1658,4d 18h 15m,1658,Laden,6/13/2022 4:56,Cargo,Container Ship,CONTAINER SHIPS,POST PANAMAX,108427,8411,$500,"$4,205,500"
BOTANY,6/16/2022,5:24,HAI PHONG,VN,2d 19h 25m,786,2d 19h 25m,786,Partially Laden,6/13/2022 9:59,Cargo,Container Ship,CONTAINER SHIPS,FEEDERMAX,32971,2720,$500,"$1,360,000"
CMA CGM ANDROMEDA,6/16/2022,10:52,GWANGYANG,KR,4d 19h,873,4d 19h,873,In Ballast,6/11/2022 15:52,Cargo,Container Ship,CONTAINER SHIPS,NEW PANAMAX,128550,13805,$500,"$6,902,500"
CONSIGNIA,6/16/2022,2:44,NANSHA,CN,1d 4h 18m,366,1d 4h 18m,366,Partially Laden,6/14/2022 22:26,Cargo,Container Ship,CONTAINER SHIPS,FEEDER,13673,1028,$500,"$514,000"
EVER FRONT,6/16/2022,1:38,TAIPEI,TW,16h 56m,209,16h 56m,209,In Ballast,6/15/2022 8:42,Cargo,Container Ship,CONTAINER SHIPS,NEW PANAMAX,127075,13805,$500,"$6,902,500"
GODSPEED,6/16/2022,0:33,KAOHSIUNG,TW,15h 32m,175,4m,1,Laden,6/15/2022 9:01,Cargo,General Cargo,DRY BREAKBULK,HANDYSIZE,7991,561,$500,"$280,500"
LIBRA CONFIDENCE,6/16/2022,4:39,GUAYMAS,MX,26d 9h 33m,7304,1d 19h 30m,436,Laden,5/20/2022 19:06,Cargo,Bulk Carrier,DRY BULK,PANAMAX,63220,5224,$500,"$2,612,000"
MSC VANDYA,6/16/2022,22:50,YOKOHAMA,JP,4d 4h 41m,1312,4d 3h 42m,1302,In Ballast,6/12/2022 18:09,Cargo,Container Ship,CONTAINER SHIPS,NEW PANAMAX,154185,13805,$500,"$6,902,500"
OBE NORARES,6/16/2022,20:52,POTI,GE,29d 10h 36m,8234,21d 14h 5m,6583,Partially Laden,5/18/2022 10:16,Cargo,General Cargo,DRY BREAKBULK,HANDYSIZE,32298,2720,$500,"$1,360,000"
OOCL BANGKOK,6/16/2022,15:09,JIANGYIN,CN,1d 15h 1m,177,2m,0,Partially Laden,6/15/2022 0:08,Cargo,Container Ship,CONTAINER SHIPS,NEW PANAMAX,144043,13805,$500,"$6,902,500"
PHUC THAI,6/16/2022,22:52,MANILA SOUTH HARBOR,PH,2d 3h 14m,649,2d 3h 14m,649,In Ballast,6/14/2022 19:38,Cargo,Container Ship,CONTAINER SHIPS,SMALL FEEDER,8272,684,$500,"$342,000"
REN JIAN 16,6/16/2022,4:48,SHANGHAI,CN,2d 2h 18m,572,2d 2h 18m,572,Partially Laden,6/14/2022 2:30,Cargo,Container Ship,CONTAINER SHIPS,PANAMAX,54405,4348,$500,"$2,174,000"
SINOTRANS TIANJIN,6/16/2022,15:12,QUANZHOU,CN,6h 4m,72,6h 4m,72,Laden,6/16/2022 9:08,Cargo,Container Ship,CONTAINER SHIPS,FEEDER,12975,900,$500,"$450,000"
TA FENG,6/16/2022,0:23,XIAMEN,CN,19h 24m,49,19h 24m,49,Partially Laden,6/15/2022 4:59,Cargo,General Cargo,DRY BREAKBULK,HANDYSIZE,1580,289,$500,"$144,500"
XIN QUN DAO,6/16/2022,3:48,MANILA SOUTH HARBOR,PH,2d 4h 38m,651,2d 4h 38m,651,In Ballast,6/13/2022 23:10,Cargo,Container Ship,CONTAINER SHIPS,SMALL FEEDER,10800,900,$500,"$450,000"
XIN YUAN 19,6/16/2022,15:12,JIANGYIN,CN,16h 17m,114,4m,0,Laden,6/15/2022 22:55,Cargo,General Cargo,DRY BREAKBULK,HANDYSIZE,2910,289,$500,"$144,500"
YM COOPERATION,6/16/2022,7:33,SHANGHAI,CN,2d 13h 18m,621,2d 13h 18m,621,Laden,6/13/2022 18:15,Cargo,Container Ship,CONTAINER SHIPS,FEEDERMAX,37435,2720,$500,"$1,360,000"
ZIM SAO PAOLO,6/16/2022,8:08,DA CHAN BAY,CN,19h 57m,334,19h 57m,334,Partially Laden,6/15/2022 12:11,Cargo,Container Ship,CONTAINER SHIPS,PANAMAX,50818,4348,$500,"$2,174,000"
AKA BHUM,6/15/2022,13:50,NINGBO,CN,1d 7h,497,1d 7h,497,Partially Laden,6/14/2022 6:50,Cargo,Container Ship,CONTAINER SHIPS,POST PANAMAX,66940,5224,$500,"$2,612,000"
ANDROUSA,6/15/2022,3:55,NINGBO,CN,2d 4h 17m,560,2d 4h 17m,560,Laden,6/12/2022 23:38,Cargo,Container Ship,CONTAINER SHIPS,PANAMAX,50264,4348,$500,"$2,174,000"
CMA CGM IGUACU,6/15/2022,0:54,PORT KLANG,MY,4d 22h 18m,1862,3m,0,Partially Laden,6/10/2022 2:36,Cargo,Container Ship,CONTAINER SHIPS,ULCV,154700,13805,$500,"$6,902,500"
FENGYUNHE,6/15/2022,2:02,HONG KONG,HK,2d 3h 54m,24,5m,1,Partially Laden,6/12/2022 22:08,Cargo,Container Ship,CONTAINER SHIPS,FEEDER,24251,2388,$500,"$1,194,000"
JOSCO RUNZHOU,6/15/2022,5:26,QUANZHOU,CN,9d 1h 27m,115,9d 1h 27m,115,Laden,6/6/2022 3:59,Cargo,Bulk Carrier,DRY BULK,HANDYMAX,58722,4806,$500,"$2,403,000"
OOCL ROTTERDAM,6/15/2022,10:48,KAOHSIUNG,TW,19h 58m,176,19h 58m,176,In Ballast,6/14/2022 14:50,Cargo,Container Ship,CONTAINER SHIPS,POST PANAMAX,108390,8411,$500,"$4,205,500"
ORTOLAN EPSILON,6/15/2022,6:57,QINZHOU,CN,2d 16h 3m,680,3m,1,Partially Laden,6/12/2022 14:54,Cargo,Container Ship,CONTAINER SHIPS,SMALL FEEDER,11814,900,$500,"$450,000"
PEGASUS YOTTA,6/15/2022,23:53,HAI PHONG,VN,2d 17h 28m,757,2d 17h 28m,757,Laden,6/13/2022 6:25,Cargo,Container Ship,CONTAINER SHIPS,SMALL FEEDER,13007,1028,$500,"$514,000"
SHENG JIE 1,6/15/2022,7:57,KAOHSIUNG,TW,22h 38m,159,22h 38m,159,Laden,6/14/2022 9:19,Cargo,General Cargo,DRY BREAKBULK,HANDYSIZE,7161,561,$500,"$280,500"
SITC PENANG,6/15/2022,15:22,WENZHOU,CN,23h 20m,310,23h 20m,310,Laden,6/14/2022 16:02,Cargo,Container Ship,CONTAINER SHIPS,FEEDERMAX,34905,2720,$500,"$1,360,000"
SUNNY CALLA,6/15/2022,6:49,HONG KONG,HK,1d 1h 44m,307,1d 1h 44m,307,Laden,6/14/2022 5:05,Cargo,Container Ship,CONTAINER SHIPS,FEEDER,11775,900,$500,"$450,000"
XIN FENG NINGBO,6/15/2022,15:55,BAYUQUAN,CN,4d 8h 3m,1148,4d 8h 3m,1148,Laden,6/11/2022 7:52,Cargo,Container Ship,CONTAINER SHIPS,FEEDERMAX,35551,2720,$500,"$1,360,000"
XIN ZHAN JIANG,6/15/2022,15:29,SHANGHAI,CN,2d 13h 46m,637,2d 13h 46m,637,Laden,6/13/2022 1:43,Cargo,Container Ship,CONTAINER SHIPS,PANAMAX,52279,4348,$500,"$2,174,000"
YM MOBILITY,6/15/2022,14:53,NINGBO,CN,1d 5h 20m,490,1d 5h 20m,490,Laden,6/14/2022 9:33,Cargo,Container Ship,CONTAINER SHIPS,POST PANAMAX,81145,6674,$500,"$3,337,000"
APL QINGDAO,6/14/2022,9:04,VANCOUVER,CA,14d 23h 51m,5551,14d 23h 51m,5551,Laden,5/30/2022 9:13,Cargo,Container Ship,CONTAINER SHIPS,NEW PANAMAX,125307,13805,$500,"$6,902,500"
EMELDA,6/14/2022,14:29,SHANGHAI,CN,9d 4h 6m,626,9d 4h 6m,626,Partially Laden,6/5/2022 10:23,Cargo,Bulk Carrier,DRY BULK,HANDYMAX,55638,4348,$500,"$2,174,000"
FENGYUNHE,6/14/2022,0:19,HONG KONG,HK,1d 2h 11m,306,1d 2h 11m,306,Partially Laden,6/12/2022 22:08,Cargo,Container Ship,CONTAINER SHIPS,FEEDER,24251,2388,$500,"$1,194,000"
GH FOEHN,6/14/2022,16:25,SHEKOU,CN,3d 5m,395,3m,0,Laden,6/11/2022 16:20,Cargo,Container Ship,CONTAINER SHIPS,FEEDERMAX,38080,2720,$500,"$1,360,000"
HUA HANG 6,6/14/2022,7:05,KAOHSIUNG,TW,18h 26m,74,3m,0,Laden,6/13/2022 12:39,Cargo,Container Ship,CONTAINER SHIPS,SMALL FEEDER,8243,684,$500,"$342,000"
IRIS MIKO,6/14/2022,14:44,NANSHA,CN,1d 11h 18m,352,1d 11h 18m,352,Laden,6/13/2022 3:26,Cargo,General Cargo,DRY BREAKBULK,HANDYSIZE,13807,1028,$500,"$514,000"
JINYUNHE,6/14/2022,2:19,SHANGHAI,CN,2d 8h 45m,633,2d 8h 45m,633,Laden,6/11/2022 17:34,Cargo,Container Ship,CONTAINER SHIPS,FEEDER,24244,2388,$500,"$1,194,000"
MAERSK CAMEROUN,6/14/2022,0:23,TANJUNG PELEPAS,MY,7d 12h 23m,1617,7d 1h 57m,1609,In Ballast,6/6/2022 12:00,Cargo,Container Ship,CONTAINER SHIPS,PANAMAX,68898,5224,$500,"$2,612,000"
NAVIOS TEMPO,6/14/2022,0:28,TAICHUNG,TW,18h 28m,142,18h 28m,142,Partially Laden,6/13/2022 6:00,Cargo,Container Ship,CONTAINER SHIPS,PANAMAX,50466,4348,$500,"$2,174,000"
PELICANA,6/14/2022,15:00,SANTOS,BR,41d 8h 52m,10426,7d 45m,1590,Laden,5/4/2022 6:08,Cargo,General Cargo,DRY BREAKBULK,HANDYMAX,54810,4348,$500,"$2,174,000"
SINOTRANS DALIAN,6/14/2022,7:37,TAICANG,CN,1d 21h 9m,670,1d 21h 9m,670,Partially Laden,6/12/2022 10:28,Cargo,Container Ship,CONTAINER SHIPS,FEEDER,13481,1028,$500,"$514,000"
SITC JIADE,6/14/2022,9:01,HO CHI MINH,VN,2d 17h 58m,1107,2d 17h 58m,1107,Partially Laden,6/11/2022 15:03,Cargo,Container Ship,CONTAINER SHIPS,FEEDER,24537,2388,$500,"$1,194,000"
SITC SHEKOU,6/14/2022,11:10,NINGBO,CN,1d 11h 58m,532,1d 11h 58m,532,Laden,6/12/2022 23:12,Cargo,Container Ship,CONTAINER SHIPS,FEEDERMAX,35336,2720,$500,"$1,360,000"
SWAN LAKE,6/14/2022,8:38,JIANGYIN,CN,1d 5h 56m,119,3m,0,In Ballast,6/13/2022 2:42,Cargo,Container Ship,CONTAINER SHIPS,SMALL FEEDER,7262,561,$500,"$280,500"
TA FENG,6/14/2022,5:20,PINGTAN,CN,14h 55m,128,14h 55m,128,Partially Laden,6/13/2022 14:25,Cargo,General Cargo,DRY BREAKBULK,HANDYSIZE,1580,289,$500,"$144,500"
TA FENG,6/14/2022,23:58,XIAMEN,CN,15h 50m,48,15h 50m,48,Partially Laden,6/14/2022 8:08,Cargo,General Cargo,DRY BREAKBULK,HANDYSIZE,1580,289,$500,"$144,500"
TALISKER,6/14/2022,7:29,TAICANG,CN,1d 22h 58m,688,1d 22h 58m,688,In Ballast,6/12/2022 8:31,Cargo,Container Ship,CONTAINER SHIPS,FEEDER,18409,2388,$500,"$1,194,000"
TOKYO TRIUMPH,6/14/2022,15:50,LIUHENG,CN,3d 17h 52m,511,3m,0,In Ballast,6/10/2022 21:58,Cargo,Container Ship,CONTAINER SHIPS,NEW PANAMAX,146792,13805,$500,"$6,902,500"
TRUE CONDOR,6/14/2022,23:04,QINGDAO,CN,4d 15h 4m,993,4d 15h 4m,993,Partially Laden,6/10/2022 8:00,Cargo,Bulk Carrier,DRY BULK,CAPESIZE,182625,19000,$500,"$9,500,000"
YM CENTENNIAL,6/14/2022,12:19,SHENZHEN,CN,1d 2h 22m,347,1d 2h 22m,347,Partially Laden,6/13/2022 9:57,Cargo,Container Ship,CONTAINER SHIPS,FEEDERMAX,37435,2720,$500,"$1,360,000"
ZHONG GU DA LIAN,6/14/2022,18:14,TIANJIN,CN,5d 4h 48m,1158,5d 4h 48m,1158,Laden,6/9/2022 13:26,Cargo,Container Ship,CONTAINER SHIPS,,40519,3433,$500,"$1,716,500"
ZHONG GU SHANG HAI,6/14/2022,17:35,RIZHAO,CN,3d 20h 19m,844,3m,0,Laden,6/10/2022 21:16,Cargo,Container Ship,CONTAINER SHIPS,FEEDERMAX,41222,3433,$500,"$1,716,500"
AKITETA,6/13/2022,9:32,SHEKOU,CN,22h 53m,332,22h 53m,332,Partially Laden,6/12/2022 10:39,Cargo,Container Ship,CONTAINER SHIPS,FEEDERMAX,30453,2720,$500,"$1,360,000"
COSCO PRIDE,6/13/2022,10:16,SINGAPORE,SG,4d 7h 33m,1681,4d 7h 33m,1681,Partially Laden,6/9/2022 2:43,Cargo,Container Ship,CONTAINER SHIPS,NEW PANAMAX,140665,13805,$500,"$6,902,500"
HC BEAUTY,6/13/2022,3:02,ADANG BAY,ID,7d 6h 54m,1609,7d 6h 54m,1609,Laden,6/5/2022 20:08,Cargo,Bulk Carrier,DRY BULK,PANAMAX,73744,6245,$500,"$3,122,500"
HONY WORLD,6/13/2022,5:26,ZHOUSHAN,CN,9d 22h 9m,493,2d 22h 31m,487,In Ballast,6/3/2022 7:17,Cargo,Bulk Carrier,DRY BULK,HANDYMAX,56716,4806,$500,"$2,403,000"
JOSCO REAL,6/13/2022,8:28,TAICANG,CN,2d 1h 41m,620,2d 1h 41m,620,Laden,6/11/2022 6:47,Cargo,Container Ship,CONTAINER SHIPS,FEEDER,24560,2388,$500,"$1,194,000"
LI DA TONG 2 HAO,6/13/2022,15:56,FUZHOU,CN,23h 48m,166,23h 48m,166,Partially Laden,6/12/2022 16:08,Cargo,General Cargo,DRY BREAKBULK,HANDYSIZE,4142,289,$500,"$144,500"
MAERSK ESSEX,6/13/2022,10:27,YANTIAN,CN,1d 15h 13m,324,3m,0,Laden,6/11/2022 19:14,Cargo,Container Ship,CONTAINER SHIPS,NEW PANAMAX,142105,13805,$500,"$6,902,500"
MSC ALBA F,6/13/2022,23:56,INCHEON,KR,4d 19h 48m,926,4d 19h 48m,926,Partially Laden,6/9/2022 4:08,Cargo,Container Ship,CONTAINER SHIPS,FEEDER,13676,1028,$500,"$514,000"
SIRI BHUM,6/13/2022,1:53,MANILA SOUTH HARBOR,PH,2d 56m,673,2d 56m,673,Partially Laden,6/11/2022 0:57,Cargo,Container Ship,CONTAINER SHIPS,SMALL FEEDER,13017,1028,$500,"$514,000"
SITC GUANGDONG,6/13/2022,9:16,HAI PHONG,VN,1d 22h 29m,752,1d 22h 29m,752,Partially Laden,6/11/2022 10:47,Cargo,Container Ship,CONTAINER SHIPS,FEEDER,21196,2388,$500,"$1,194,000"
SITC YOKKAICHI,6/13/2022,12:31,SHENZHEN,CN,22h 51m,320,1h 1m,13,Partially Laden,6/12/2022 13:40,Cargo,Container Ship,CONTAINER SHIPS,FEEDER,11874,900,$500,"$450,000"
TS SINGAPORE,6/13/2022,2:57,SHANGHAI,CN,2d 10h 38m,648,2d 10h 38m,648,Laden,6/10/2022 16:19,Cargo,Container Ship,CONTAINER SHIPS,PANAMAX,54255,4348,$500,"$2,174,000"
XIN MING ZHOU 102,6/13/2022,2:06,NINGBO,CN,1d 17h 3m,489,1d 17h 3m,489,Laden,6/11/2022 9:03,Cargo,Container Ship,CONTAINER SHIPS,,24031,2388,$500,"$1,194,000"
XIN OU ZHOU,6/13/2022,4:57,YOKOHAMA,JP,3d 9h 36m,1380,3d 9h 36m,1380,Laden,6/9/2022 19:21,Cargo,Container Ship,CONTAINER SHIPS,POST PANAMAX,102461,8411,$500,"$4,205,500"
YM IMPROVEMENT,6/13/2022,22:27,CHIWAN,CN,1d 36m,337,1d 21m,335,Partially Laden,6/12/2022 21:51,Cargo,Container Ship,CONTAINER SHIPS,FEEDER,21700,2388,$500,"$1,194,000"
ZHONG GU YING KOU,6/13/2022,17:23,HUMEN,CN,1d 6h 48m,368,1d 6h 48m,368,Laden,6/12/2022 10:35,Cargo,Container Ship,CONTAINER SHIPS,,40400,3433,$500,"$1,716,500"
COSCO BOSTON,6/12/2022,6:54,HONG KONG,HK,19h 42m,298,19h 42m,298,Partially Laden,6/11/2022 11:12,Cargo,Container Ship,CONTAINER SHIPS,POST PANAMAX,68240,5224,$500,"$2,612,000"
COSCO SHIPPING PISCES,6/12/2022,15:29,NINGBO,CN,1d 4h 54m,493,1d 4h 54m,493,Partially Laden,6/11/2022 10:35,Cargo,Container Ship,CONTAINER SHIPS,ULCV,196996,22221,$500,"$11,110,500"
HAI FENG HAI KOU,6/12/2022,8:38,NINGBO,CN,1d 6h 38m,454,1d 6h 38m,454,Laden,6/11/2022 2:00,Cargo,Container Ship,CONTAINER SHIPS,SMALL FEEDER,12628,900,$500,"$450,000"
HARRIER,6/12/2022,22:52,TAICANG,CN,2d 11h 22m,691,2d 11h 22m,691,Partially Laden,6/10/2022 11:30,Cargo,Container Ship,CONTAINER SHIPS,FEEDER,12467,900,$500,"$450,000"
HERTA,6/12/2022,7:51,TAIPEI,TW,1d 7h 5m,205,1d 7h 5m,205,Partially Laden,6/11/2022 0:46,Cargo,Container Ship,CONTAINER SHIPS,POST PANAMAX,73195,6245,$500,"$3,122,500"
INTERASIA VISION,6/12/2022,4:57,HONG KONG,HK,2d 54m,299,2d 54m,299,Partially Laden,6/10/2022 4:03,Cargo,Container Ship,CONTAINER SHIPS,FEEDER,23465,2388,$500,"$1,194,000"
MAERSK SEMBAWANG,6/12/2022,9:10,SALALAH,OM,16d 3h 48m,4847,16d 3h 48m,4847,In Ballast,5/27/2022 5:22,Cargo,Container Ship,CONTAINER SHIPS,POST PANAMAX,85250,6674,$500,"$3,337,000"
MCP GRAZ,6/12/2022,4:24,MANILA SOUTH HARBOR,PH,2d 18h 22m,656,2d 18h 22m,656,In Ballast,6/9/2022 10:02,Cargo,General Cargo,DRY BREAKBULK,HANDYSIZE,7734,561,$500,"$280,500"
MSC ARINA,6/12/2022,15:29,SHANGHAI,CN,1d 13h 7m,537,1d 13h 7m,537,Partially Laden,6/11/2022 2:22,Cargo,Container Ship,CONTAINER SHIPS,ULCV,224983,22221,$500,"$11,110,500"
OOCL POLAND,6/12/2022,10:43,YANTIAN,CN,1d 7h 3m,304,1d 7h 3m,304,Partially Laden,6/11/2022 3:40,Cargo,Container Ship,CONTAINER SHIPS,NEW PANAMAX,144342,13805,$500,"$6,902,500"
SAN DIEGO BRIDGE,6/12/2022,23:05,KAOHSIUNG,TW,2d 18h 44m,199,2d 18h 44m,199,Partially Laden,6/10/2022 4:21,Cargo,Container Ship,CONTAINER SHIPS,POST PANAMAX,72912,6245,$500,"$3,122,500"
SHIJING,6/12/2022,9:33,YANTIAN,CN,21h 28m,301,21h 28m,301,In Ballast,6/11/2022 12:05,Cargo,Container Ship,CONTAINER SHIPS,POST PANAMAX,68463,5224,$500,"$2,612,000"
SITC LIANYUNGANG,6/12/2022,15:20,SHANGHAI,CN,1d 16h 54m,571,1d 16h 54m,571,Laden,6/10/2022 22:26,Cargo,Container Ship,CONTAINER SHIPS,FEEDER,12715,900,$500,"$450,000"
TAI GANG,6/12/2022,8:02,TAICHUNG,TW,16h 19m,129,16h 19m,129,In Ballast,6/11/2022 15:43,Cargo,General Cargo,DRY BREAKBULK,HANDYSIZE,4631,289,$500,"$144,500"
UNI ARDENT,6/12/2022,9:13,TAICHUNG,TW,13h 43m,136,13h 43m,136,Partially Laden,6/11/2022 19:30,Cargo,Container Ship,CONTAINER SHIPS,FEEDER,15511,1028,$500,"$514,000"
VOLANS,6/12/2022,23:59,KAOHSIUNG,TW,14h 48m,196,14h 48m,196,In Ballast,6/12/2022 9:11,Cargo,Container Ship,CONTAINER SHIPS,PANAMAX,50334,4348,$500,"$2,174,000"
XIN YUAN 19,6/12/2022,5:55,JIANGYIN,CN,1d 15h 25m,4,7m,0,Laden,6/10/2022 14:30,Cargo,General Cargo,DRY BREAKBULK,HANDYSIZE,2910,289,$500,"$144,500"
XIN YUAN 19,6/12/2022,20:07,JIANGYIN,CN,2d 5h 37m,8,3m,0,Laden,6/10/2022 14:30,Cargo,General Cargo,DRY BREAKBULK,HANDYSIZE,2910,289,$500,"$144,500"
YI SHENG,6/12/2022,14:07,TAICHUNG,TW,11h 58m,134,11h 58m,134,Laden,6/12/2022 2:09,Cargo,Container Ship,CONTAINER SHIPS,SMALL FEEDER,6816,362,$500,"$181,000"
YM INTERACTION,6/12/2022,8:45,NINGBO,CN,1d 8h 2m,505,1d 8h 2m,505,Laden,6/11/2022 0:43,Cargo,Container Ship,CONTAINER SHIPS,FEEDER,22033,2388,$500,"$1,194,000"
YM UPSURGENCE,6/12/2022,23:30,KAOHSIUNG,TW,1d 4h 58m,180,1d 4h 58m,180,In Ballast,6/11/2022 18:32,Cargo,Container Ship,CONTAINER SHIPS,POST PANAMAX,103235,8411,$500,"$4,205,500"
GREEN POLE,6/11/2022,23:06,SHANGHAI,CN,1d 21h 47m,631,1d 21h 47m,631,Partially Laden,6/10/2022 1:19,Cargo,Container Ship,CONTAINER SHIPS,FEEDER,21488,2388,$500,"$1,194,000"
IKI,6/11/2022,23:41,MORMUGAO,IN,13d 7h 45m,3977,13d 7h 45m,3977,Laden,5/29/2022 15:56,Cargo,General Cargo,DRY BREAKBULK,HANDYSIZE,19950,2388,$500,"$1,194,000"
REN JIAN 27,6/11/2022,23:03,XIAMEN,CN,15h 11m,41,15h 11m,41,In Ballast,6/11/2022 7:52,Cargo,Container Ship,CONTAINER SHIPS,PANAMAX,54375,4348,$500,"$2,174,000"
SITC TOKYO,6/11/2022,22:36,QUANZHOU,CN,8h 12m,56,8h 12m,56,Partially Laden,6/11/2022 14:24,Cargo,Container Ship,CONTAINER SHIPS,SMALL FEEDER,12694,900,$500,"$450,000"